wiki,year,pagetitle,pageviews,desc_en,desc_ar,desc_de,desc_es,desc_fr,desc_ru,desc_zh,file_name,image_page,image_file,artist,license,licenseurl,daily_views
ruwiki,2016,"Трамп,_Дональд",5850380,45th and current president of the United States,الرئيس الخامس والأربعون للولايات المتحدة الأمريكية,45. Präsident der Vereinigten Staaten,45 ° y actual presidente de los Estados Unidos,président des États-Unis depuis 2017,"действующий, 45-й президент США. Бывший предприниматель и деятель культуры",美國第45任/現任總統,File:Donald_Trump_official_portrait.jpg,https://commons.wikimedia.org/wiki/File:Donald_Trump_official_portrait.jpg,https://upload.wikimedia.org/wikipedia/commons/5/56/Donald_Trump_official_portrait.jpg,"Shealah Craighead
",Public domain,,2699_8573_13176_5368_4150_3634_4129_3393_3055_4580_3114_3855_5847_4199_4915_3329_3657_5228_5281_4909_4282_3299_3350_5092_2988_3130_3765_3124_4010_2979_4271_9418_11648_4576_4928_3199_2788_4188_3278_5531_12940_6719_3905_3311_8522_3673_5103_10274_4668_4480_4987_11628_8202_4600_13052_4671_5427_5086_9079_5705_6947_24424_11682_17147_8499_17906_9797_7794_10830_6101_8038_7921_8669_7669_6440_16917_10441_7618_5424_7182_6019_7664_8712_8659_8253_5920_10619_12640_5474_4628_4307_3716_3934_5347_3544_3662_4124_3263_2576_2853_2770_2863_2352_2394_2473_2021_1968_2481_2055_2729_7274_3499_2568_1880_5135_3700_2828_10407_5208_3984_3322_5463_5909_5611_20463_13302_6510_6211_5818_3808_4151_4634_3785_4041_3861_4810_4028_3706_8368_4222_3182_3330_3211_2752_2748_3525_5485_3897_3236_3146_3698_2594_3036_2686_6318_2882_3631_3073_4445_7620_4388_4836_3250_4161_5672_6108_6187_4493_4089_3113_7133_3945_4423_3796_3425_4164_3012_3055_3088_2201_1970_2288_1946_1608_2088_2157_2071_2746_2790_2619_2318_1990_2062_2521_2389_2493_2713_2899_2210_3276_22525_17495_12794_20084_6673_10881_7689_7988_12719_14424_10991_6597_12105_25265_16738_9082_6540_5775_4181_4816_6090_5183_4225_5169_3802_3026_3153_3345_4144_3656_3005_4412_3390_3667_3539_5244_3850_3209_3591_2506_3279_4173_3413_3048_3042_4217_4447_4607_4044_5243_4464_7047_3957_3789_12070_20807_11034_10268_10020_9770_10062_6754_5501_4500_7857_5558_4475_5423_6692_7468_21362_9052_6334_5035_5491_9461_5882_5204_6287_5730_4536_6111_11258_16141_8721_6994_7778_6918_6104_9045_6277_8676_6910_13375_8420_7894_10580_7804_7392_8482_7738_7318_8485_8978_9904_12678_12908_13648_17233_16661_22385_28522_74406_1510172_596392_291281_195036_165224_139201_88179_66950_60577_44671_52296_46615_33959_29829_23872_23190_16704_18093_21965_16121_12809_12851_10816_12497_11747_12475_9709_9502_12139_11596_11164_12129_11667_9869_12484_10203_9819_9524_10615_11376_12510_14789_10627_9064_13321_9905_8573_8314_8305_8959_10568_11594_12691
enwiki,2016,Donald_Trump,77303239,45th and current president of the United States,الرئيس الخامس والأربعون للولايات المتحدة الأمريكية,45. Präsident der Vereinigten Staaten,45 ° y actual presidente de los Estados Unidos,président des États-Unis depuis 2017,"действующий, 45-й президент США. Бывший предприниматель и деятель культуры",美國第45任/現任總統,File:Donald_Trump_official_portrait.jpg,https://commons.wikimedia.org/wiki/File:Donald_Trump_official_portrait.jpg,https://upload.wikimedia.org/wikipedia/commons/5/56/Donald_Trump_official_portrait.jpg,"Shealah Craighead
",Public domain,,51031_51504_62107_53984_59724_65721_76985_60904_53405_62858_58034_60671_64925_75086_129323_79983_69259_90435_84532_97264_81645_70035_68015_78937_81702_106642_115534_111364_120692_81712_95065_147031_1133610_926817_379705_214252_135850_221849_200929_154789_331252_267203_210860_139002_170198_116440_80583_123478_180959_207773_136564_313403_357917_165894_286540_245500_385363_241682_263281_310605_420792_562471_508567_2379333_4041262_2996409_2097185_832270_681397_577135_482213_409815_423276_375331_374833_469460_307660_268372_218541_212027_221945_252630_240077_203811_199866_161193_160548_210443_186709_209002_176775_150493_114347_134369_145228_187201_155256_134404_113628_93086_110157_122114_131113_196604_111197_63691_50264_66667_75418_105057_167179_112163_85730_71831_75003_90678_97404_153346_110718_96100_78037_85357_82445_77236_299761_192225_139300_101465_100481_99585_96584_92235_89550_84808_74429_77790_95755_91481_98034_72899_63940_53220_55706_57240_56737_60696_85953_76023_61705_57518_58077_57508_63142_60548_61920_57241_57810_63761_78679_107824_77309_70855_62060_65900_74698_129169_123156_92493_75215_60894_62500_67714_79441_76290_71829_87672_69009_62233_58339_61984_54292_53698_49831_43802_45018_70675_80433_68933_57331_47457_40234_41641_44526_44757_51559_63904_84556_76396_74246_124165_671501_627857_455463_708939_201892_149055_131845_134057_144696_181316_181028_118991_113775_136862_144597_127575_117986_105782_79555_72226_74591_66600_66651_65065_61051_53110_51897_55496_54536_58934_61133_65222_54046_50697_73872_122853_106447_94021_71393_62247_75410_106813_80968_68874_74948_72632_54825_53059_60839_76620_63860_76872_67872_56442_94746_130261_94727_101102_115540_94700_71955_62777_64178_70460_70834_71387_61456_51856_62420_100608_463257_194609_150136_130731_124288_162323_151899_130217_118972_108338_105556_227732_254976_492675_257372_206567_215837_271419_293873_291422_311765_308231_374471_478977_244386_153833_151335_146092_129873_138517_149890_112532_83426_97927_112485_120489_145598_167750_172906_152989_203104_276983_536227_6194674_2704454_1566828_1022245_748804_817635_520509_413876_326817_277334_258195_245589_243729_205410_174087_154505_132722_117793_118392_112670_106141_109631_102489_100992_82911_84947_90409_90225_98218_90106_79119_81772_82155_80681_85621_82613_84063_79578_71861_74813_84836_97328_72688_77036_79286_73043_75155_68193_69566_65939_68277_65271_65002
frwiki,2016,France,6342567,sovereign state with mainland in Europe and several overseas territories,دولة ذات سيادة تقع في أوروبا وتضم عدة أقاليم فيما وراء البحار,souveräner Staat mit Festland in Europa und mehreren überseeischen Territorien,país de Europa,pays transcontinental dont le territoire métropolitain est situé en Europe occidentale,государство в Западной Европе,西歐國家，並同時擁有多個海外領土,File:Mapadefrancia.svg,https://commons.wikimedia.org/wiki/File:Mapadefrancia.svg,https://upload.wikimedia.org/wikipedia/commons/6/67/Mapadefrancia.svg,Monsieur Fou,CC BY-SA 4.0,https://creativecommons.org/licenses/by-sa/4.0,9438_9995_11701_10471_10258_10201_9556_9013_9499_10913_9788_10421_9975_9678_9088_11797_10562_9782_11064_10581_9594_8856_13348_10407_9948_9765_10246_9442_9108_9301_10765_10338_9626_9536_8954_8308_8497_9838_9240_9257_10102_9053_8880_9437_9654_9550_8866_9577_9262_8487_8770_10102_9888_9590_9616_9151_9600_8844_10187_9442_9482_9763_9527_9011_9770_10718_10175_10071_10071_9582_8498_8143_10118_9976_9662_10311_9181_8250_8382_9847_9481_9647_9962_9565_8592_8278_9987_10855_10011_9828_9193_8532_8822_9597_9657_9811_9202_8886_8509_8039_9577_9401_9146_9358_9495_8538_8562_9397_9585_9008_9171_9069_8444_8732_9562_9767_9797_9571_9907_8514_8380_9878_9140_8973_8253_8244_9638_9369_10256_10281_10015_10626_10700_11712_13190_13056_11861_9610_10136_10140_8989_9147_13464_10109_9794_12708_8712_8360_7987_9672_9612_9569_10090_9745_10386_8538_8961_8912_8642_9006_8784_9639_8968_10327_10092_12122_12345_10550_8641_8601_9527_9135_12036_10724_8113_10001_9101_10175_11790_9789_8143_8971_10784_9690_12106_10900_7952_8120_9433_8977_7539_9976_8794_8363_7692_9927_9870_8537_8668_8232_7787_18142_22829_22435_22092_22650_22390_22853_22553_22499_22348_20422_24226_22595_22559_22434_22624_22555_23145_22708_23038_23209_22978_23226_25721_22201_23241_23715_23036_23768_23796_20794_23952_24314_23479_22499_22853_22639_23078_22385_22813_22728_22558_22208_22334_22146_19167_23313_22982_23471_23338_22869_24072_22578_23193_22918_23153_23523_23096_22169_23084_23994_23625_23449_24101_23115_22747_22649_24573_23553_23380_23864_23610_22758_23178_24513_23812_23752_24423_23704_26534_24025_24794_24525_23717_24130_24275_23073_23377_24615_23950_23534_19835_23257_29627_29958_31320_30544_31020_30793_30953_30250_30055_31781_31172_31651_31717_31320_30427_31778_33518_32143_32054_32884_31292_32228_31821_33162_32126_32407_32207_31667_30991_32769_34922_32504_32012_31727_31891_30519_31131_32705_32280_31964_31676_31160_30873_30781_32943_32521_32524_31884_31178_30863_30344_31767_31441_31092_31318_30805_29981_30921_31917_31140_30730_29942_30063_30164_29364_30071_30674_30708_30822_31273_30970_30644
eswiki,2016,Lali_Espósito,26169209,"Argentinian actress, singer, dancer and model",ممثلة ومغنية وراقصة وعارضة أزياء أرجنتينية,"Argentinische Schauspielerin, Sängerin, Tänzerin und Model","actriz, cantante y bailarina argentina",actrice et chanteuse argentine,"Аргентинская актриса, певица, танцовщица и модель",阿根廷女演員，歌手，舞蹈演員和模特兒,File:Lali_2018.png,https://commons.wikimedia.org/wiki/File:Lali_2018.png,https://upload.wikimedia.org/wikipedia/commons/8/81/Lali_2018.png,Fernando Radl,CC BY 3.0,https://creativecommons.org/licenses/by/3.0,2478_2598_2351_2716_2746_2718_2843_3363_2634_2285_2396_2702_2912_3280_3995_2430_2651_2922_6270_3607_3238_2724_2109_1944_2419_2277_2279_2115_2211_1823_1840_2094_1948_2197_1973_2116_3037_1853_2613_2275_2030_1940_2014_1937_2069_2557_2237_2101_1968_1854_1628_1700_4584_2260_2181_1945_2031_1718_1666_1868_1903_1766_1688_1769_1480_1536_1709_1793_1907_2223_1915_3505_2222_1912_1783_1782_1629_1510_1658_1844_1674_1803_1629_1997_1843_1565_1741_4067_2806_1937_1786_1568_1501_1677_2091_1652_1524_1615_1391_1289_2037_1694_1685_1618_1580_1511_1445_2093_1642_1487_1472_1478_1566_1305_1378_1630_1555_1503_1398_1289_1179_1314_1559_1258_1239_1359_1176_1121_1145_1163_1375_1415_1231_1098_1062_1195_3256_1854_1604_1397_1530_1895_2732_1928_2252_1765_1620_1293_1263_1627_1544_4669_1719_1661_1190_1260_1331_1610_1544_1335_1608_1828_1164_1284_1645_1437_1512_1546_1723_1157_1197_1841_1731_1653_1835_1440_1160_1197_1255_1294_1168_1579_982_1176_1545_1382_1225_1111_5590_2801_5885_4331_1711_4679_2079_1948_1933_17780_13947_15133_20712_12008_17200_8517_8894_14287_23676_39723_35291_47196_52139_29964_51194_38146_47047_33749_29124_41881_76259_59369_52466_44626_68747_55490_50404_119921_129561_67801_93498_69051_66074_86259_117550_83941_57937_172307_154236_104755_75544_106262_126682_192811_213363_160089_214815_133149_145837_242896_305415_154638_193065_127528_118042_133629_167701_173286_112427_196304_270410_192794_289457_219759_279662_301862_263598_150779_287829_190266_245456_233429_280913_262860_186468_175055_363624_338303_304858_345423_215449_104279_214639_146512_354641_183004_241196_234243_243185_180007_208799_309392_319645_333867_270786_282982_281822_265448_253767_212291_188370_241843_381600_323947_279669_318411_274272_178644_179684_144136_124492_291194_261222_140831_148773_154682_187889_193338_163456_138480_141170_106830_185082_127368_128097_117874_130514_189787_132574_126195_121632_122146_106880_91366_111110_90942_140122_141563_197211_194223_135479_123287_227198_155886_199023_133554_124445_106408_165268_116058_140923_135151_161481_161507_123699_110326_126483_122175_102541_47215_38393_26537_51938_44261_50672_49800_96113_27941
zhwiki,2016,Running_Man,6733622,South Korean variety show,برنامج منوعات كوري جنوبي,Südkoreanische Varieté-Show,Programa de variedades de Corea del Sur,émission de variété sud-coréenne,Южнокорейское варьете,韓國綜藝節目,,,,,,,22108_26773_34673_29671_21207_19290_18009_18857_24389_31374_31065_21418_18950_17911_17694_20891_30230_27954_20884_19762_19327_18857_23525_27802_28735_20975_18687_19402_20619_23346_26935_28615_20948_18894_18193_18705_19002_22397_27500_21766_21847_22417_22660_25053_30171_30190_21307_18021_18087_16750_22204_30524_28297_20593_18149_17146_17499_25157_29535_30082_18945_17355_16899_17395_23587_29931_27783_20329_18153_16907_16832_22198_30017_27614_21109_18472_17952_18329_24245_31502_30879_23030_20860_18474_19924_22078_31711_33026_24894_21086_19767_18785_23622_30509_36008_29122_20596_17988_18282_24437_36493_31631_21243_19923_17195_17980_25430_34938_34569_22797_21866_20126_20494_25721_36246_33286_24107_20690_19882_19410_25938_38386_39286_25154_20388_19330_24326_24061_28651_32696_23386_18370_16550_18001_24437_31438_29976_21958_18955_18004_19064_23534_32066_29188_24489_20422_18268_18058_23247_29161_26536_19927_17766_17999_17370_20148_31501_30828_21144_19200_22977_21477_23029_31757_32533_23260_20717_18364_18927_21557_29646_32766_22400_19259_18288_17521_20886_26470_27067_20318_18272_18338_19034_20217_27157_29664_22534_19999_20301_23995_21999_28739_31072_21950_17939_17659_16837_17976_24353_27155_18233_16205_15389_15208_16270_23949_26772_16905_14858_13742_13190_15758_21958_24960_16087_13045_11977_11550_12995_17180_20301_12620_11408_10216_11577_12576_16459_19628_13273_12152_10668_11260_12370_17167_20820_14318_12553_11561_11594_13054_17656_18577_12057_11010_9660_10088_12085_15807_15827_11045_9685_8651_9308_12043_18378_16790_10851_11870_10913_11879_15391_18132_16659_10542_9528_8743_8916_11614_16671_16927_19829_14058_8544_8842_11886_16830_16855_10660_8681_8090_8480_10988_14601_17320_9813_8356_7684_7972_10536_13732_12724_8965_8383_7973_10552_11533_14551_13596_19892_13536_10094_9659_11246_14881_17322_11110_8446_7921_8741_10266_18551_22400_13370_8423_6992_8159_10245_12698_11578_10013_7785_7011_7163_9586_13188_13082_8384_7364_6890_6491_8680_11603_12000_8709_7816_6596_6176_8908_13005_13656_8508_6903_5971_6137_7894_9992_10577_8234_23699_15789_21840_16772_14978_16508_10505_8671_7314_7382_8347_11710_13571_10254_8233_7372_6909_7469
arwiki,2016,معرض_أعلام_الدول,2834488,Wikipedia list article about country flags,قائمة ويكيبيديا حول أعلام الدول,Wikipedialisten der Länderflaggen,Lista de Wikipedia sobre banderas de países,liste d'un projet Wikimedia,статья-список в проекте Викимедиа о флагах стран,維基百科上有關國家標誌的列表文章,,,,,,,11488_11517_11731_11426_11437_11275_11485_12788_12466_11979_12542_12908_12629_13176_14165_13780_14294_14549_15198_14618_13741_14609_15396_15287_16064_15617_14965_13761_14952_14736_14376_14809_15686_15209_15065_15908_16619_16610_16103_15071_15789_15467_16284_16156_15062_15384_15685_16450_16627_18438_18789_24760_19857_20386_18996_18396_19663_18828_18607_18155_18470_17935_18543_18934_17109_16324_16292_15531_15859_15450_15103_13114_14229_15316_15961_15637_14704_15948_15354_15063_14768_14701_15307_14912_15848_16094_15837_15654_13651_13673_14024_15266_14491_15120_15995_15713_15392_14625_15582_14228_14720_14610_14538_14716_14265_14297_14464_13971_13848_13755_13476_12754_13823_13182_13198_12539_12549_13090_13335_14413_13684_13821_12783_12489_11935_11632_11988_10767_10025_9601_9435_9323_8621_8512_7638_7134_7268_7284_7660_7478_8264_7662_7623_7615_8112_7898_7545_7510_7553_7507_7317_7516_7163_6808_6884_6205_5678_5295_5695_5875_5810_6299_6496_5840_6104_5915_6196_6145_5917_5653_5686_5363_5431_5543_5368_5395_5395_5749_5539_4905_5071_5206_5109_4608_4809_4454_4255_3273_4159_4678_4883_4969_5009_5065_5037_4906_4978_4868_5045_5019_4729_4831_4645_4445_4603_4754_4674_4719_4509_4394_4907_4367_4618_4717_4535_4212_3976_4436_4368_4407_4592_4069_4281_4024_4180_4380_4294_4302_4163_4117_4020_4177_3961_3897_4137_3910_3705_3609_3592_3464_3469_3516_3450_3379_3667_3408_3312_3190_3041_3100_2889_2904_3105_3047_2680_2698_2811_2768_2900_3209_2845_2696_2800_2503_2606_2391_2626_2552_2270_2308_2336_2329_2177_2268_2433_2334_2630_2173_2254_2250_2321_2319_2225_2291_2526_2471_2408_2401_2474_2110_2087_2155_2048_2043_2307_2095_2092_2071_2068_1844_1825_1850_1956_1898_1828_1739_1759_1706_2094_1918_1804_1842_1879_1745_1877_2201_2090_2115_2131_2182_2266_2172_2456_2201_2127_2195_2213_1950_1918_2276_2145_2137_1874_1865_1953_2057_2307_2130_2030_1987_2026_2091_2143_2537_2241_2108_2237_2173_2060_2308_2447_2678_2509_2269_2044_2089_2208_2581_2754_2647_2357_2401_2266_2280_2530_2339
dewiki,2016,Deutschland,7205461,sovereign state in Central Europe,دولة ذات سيادة في وسط أوروبا,souveräner Staat in Mitteleuropa,País de Europa y Miembro de la Unión Europea,pays d'Europe,сувереноое государство в Центральной Европе,中歐主權國家,File:Germany_in_the_European_Union_on_the_globe_(Europe_centered).svg,https://commons.wikimedia.org/wiki/File:Germany_in_the_European_Union_on_the_globe_(Europe_centered).svg,https://upload.wikimedia.org/wikipedia/commons/5/56/Germany_in_the_European_Union_on_the_globe_%28Europe_centered%29.svg,TUBS,CC BY-SA 3.0,https://creativecommons.org/licenses/by-sa/3.0,16474_19058_20988_21097_20357_22779_21440_19428_17956_23121_21730_22607_22537_22911_20124_19172_23756_23322_22176_23832_22075_20382_18372_22913_47835_27611_24612_25044_23196_20910_28002_26736_25777_25349_22415_20109_17953_22865_23428_24000_23788_22196_20716_19781_24570_26598_26379_25595_24971_22897_22097_26840_27162_26330_25028_25323_22245_19524_25890_25339_24335_24340_23262_22553_20504_25998_25033_21298_19796_19676_17963_16441_26293_25496_21101_19278_17707_16908_15144_17912_19069_20244_17928_16320_18422_15276_18435_19218_19999_19506_17889_18383_15421_17722_19602_19770_19061_18858_16691_14491_17408_18381_18339_18810_18124_17154_15164_19707_20066_19094_19151_17227_16212_15226_19371_20552_20293_20102_18037_16196_13571_16902_17303_17638_16094_14698_13514_12982_16764_18600_19403_18768_18245_16555_17489_17869_18951_18284_18012_18176_16507_13817_17701_24400_20814_19359_18422_15734_13890_19061_20964_20228_20070_20442_17696_15615_18748_20538_20335_20543_21730_22030_19605_32998_25477_32073_26639_28602_20535_21513_23455_22176_24385_22166_21060_23485_22724_29114_36152_25263_21045_20709_21938_28138_31125_20427_19589_22021_22866_16590_15011_18986_18902_20590_20819_20700_19574_21361_21442_21487_19093_18106_18038_19607_16767_18962_20609_19075_19039_18138_17353_16116_20304_21553_19877_19920_18659_19182_18575_19345_21809_23789_23939_21700_21332_18362_21430_18632_19251_18818_19301_17373_17866_20182_18571_17023_18193_15802_20794_13666_15995_18123_17087_17081_15745_15590_14001_21010_19741_18341_17136_16643_15595_13428_16707_17174_16769_16734_16715_16688_13815_18619_18014_17852_16657_16389_14809_12188_15230_16962_17071_16607_15799_14549_13909_16913_20851_17191_16418_17106_16582_18662_17674_17221_17930_17920_16287_15588_13941_15686_17052_17203_17785_17656_16855_14806_16766_18044_17843_17781_17765_15655_13332_17002_16922_19079_18979_16994_16426_16149_19383_22435_21076_22955_19500_19856_17328_21285_20266_20768_19697_18484_16505_15966_20279_19673_19015_18038_17827_15591_14706_17554_20853_20852_19847_19475_17422_16436_21337_22462_21322_21103_20729_27610_16212_19612_20118_20261_21667_20426_17038_15151_19536_21851_20169_18481_17333_15734_15318_20465_21121_19713_20416_19322_19615_16400
ruwiki,2017,Россия,5017394,sovereign state in Eastern Europe and Northern Asia,دولة ذات سيادة في أوروبا الشرقية وشمال آسيا,souveräner Staat in Osteuropa und Nordasien,país de Europa y Asia,pays d'Europe et d'Asie,суверенное государство в Восточной Европе и Северной Азии,東歐和北亞主權國家,File:Flag_of_Russia.svg,https://commons.wikimedia.org/wiki/File:Flag_of_Russia.svg,https://upload.wikimedia.org/wikipedia/commons/f/f3/Flag_of_Russia.svg,Zscout370,Public domain,,12092_13894_13801_14186_14318_15725_15763_16392_16067_15924_16862_17102_16105_15497_17635_17422_17239_17353_17622_19085_16680_18348_17658_18090_17014_17149_16779_15792_17358_17195_16188_15908_15860_15065_14806_16702_16403_16808_16578_16743_15313_14988_17785_16474_15800_16828_15967_15581_15141_17544_16687_15704_14819_17326_14801_14898_16166_15875_16202_15780_15241_13778_13763_15018_14368_14827_12950_14217_13744_13669_15126_15253_14951_14898_14861_14015_14302_15573_15829_15253_15394_15039_14193_13645_15121_14998_15005_15185_15277_13896_13189_14887_15099_15103_14856_14935_13995_13243_15350_15221_14956_15521_15296_15471_14827_17817_18797_17310_16541_16011_14805_13784_16235_15881_15290_15233_15240_13087_11618_12156_13772_14603_15155_14533_13195_12004_13250_14926_19497_17094_17033_14694_13997_16231_16761_16693_16317_16855_13825_12916_16043_16592_15447_15104_13807_12362_11427_15234_13547_13833_13589_12673_12016_11358_13277_16659_15170_15205_13928_13928_12861_14045_19495_14772_14063_14494_14991_12704_13131_13267_13250_13021_12916_11058_11406_11125_11652_10980_11024_11134_10119_9675_11273_10784_10826_11126_11134_11036_10681_10978_10151_10038_10689_10459_9698_8889_9917_10412_10548_10789_10598_9679_9550_9834_10625_10405_10620_10644_11364_10447_11496_11252_13085_10366_10224_10081_9111_10137_10281_11184_10800_10748_10766_10200_10573_10774_11381_10402_10415_10021_9307_10002_10886_11534_10720_10441_10167_9689_12217_10418_10810_10978_11708_16033_10759_12955_15035_14808_15615_14692_12477_11888_14666_14112_14200_14235_14227_12616_11376_14047_14351_14037_14029_13987_12482_11357_13718_14050_16018_13217_12635_11467_10540_13713_13695_13325_12733_12985_12397_12086_13104_13526_13769_13817_14172_12461_11548_13297_13442_13350_13185_12965_11936_11315_13453_13507_13866_13358_13050_12220_11087_12344_12865_12254_12111_12340_12007_11762_12880_60130_14511_13717_14988_15840_12092_13604_13874_13781_13851_13359_12439_11895_13658_13237_13668_13443_13831_12299_12126_14612_14258_13893_14157_13838_12591_12064_14040_13286_13147_14267_13989_12911_12815_13992_13989_13566_13805_13924_12118_11828_13254_13498_14500_12860_12569_11675_10365_12234_12242_12011_11170_10229_10063_9124_9482
enwiki,2017,Darth_Vader,35032106,main villain of the Star Wars Trilogy,الشرير الرئيسي في ثلاثية حرب النجوم,Hauptbösewicht der Star Wars Trilogie,personaje de ficción en la franquicia de Star Wars,personnage de Star Wars,главный злодей трилогии Звездных войн,星球大戰原始三部曲的主要反派,File:Darth_Vader.jpg,https://en.wikipedia.org/wiki/File:Darth_Vader.jpg,https://upload.wikimedia.org/wikipedia/en/7/76/Darth_Vader.jpg,,Fair use,//en.wikipedia.org/wiki/File:Darth_Vader.jpg,114132_117228_113591_109810_108559_106389_108275_110971_106137_103691_103346_105494_102014_104552_104929_102374_103647_102647_100088_99955_101887_101612_100872_101349_104992_106694_106445_107099_107728_106555_106336_105937_105856_106191_106357_108022_105920_105765_105595_105642_105427_105527_106142_109806_109245_104922_104820_105172_105843_105628_105796_105117_105371_104593_105890_105889_105997_105381_104865_104802_104650_104366_106944_111388_107588_104887_104594_105260_104752_105136_105155_104753_104553_104297_104149_103078_102565_104420_104820_105836_105359_99744_90709_95863_88304_56019_54931_54400_67026_58394_55805_55301_54542_54237_54729_54880_54756_55181_56043_55348_54741_54686_55044_57754_58497_57889_57821_58067_96620_87375_93568_101440_101862_101149_98934_100154_99798_100181_100445_101192_98750_100015_100454_108762_109267_110424_109863_104650_103739_103041_102212_103032_103125_103336_81965_63056_102047_102194_102177_102773_102874_101000_102350_100227_103000_102295_102098_102793_102697_102486_102075_101510_101273_101100_101522_101176_100823_100838_100973_105101_112447_112808_112717_112171_112155_110842_109458_109635_111270_110421_109258_107956_109039_109159_109179_109383_109322_109443_109116_109093_108921_109603_110305_107381_108936_106903_105780_106145_105756_106231_106009_102228_97131_101626_104218_105072_105830_106450_108357_107417_105105_108364_107724_107942_107544_108349_108376_108415_108542_109059_108964_108482_107906_108302_107958_107884_107810_108442_107852_107918_107741_108397_107854_108293_108852_108293_108034_108129_107294_105251_105230_105511_102939_104788_105260_105233_105302_104806_104986_104705_105145_105298_105362_105079_104887_105580_104165_100405_94566_90299_88291_90949_90904_90875_90678_90964_90800_90635_91481_91530_91057_90897_89673_89814_91652_92468_91885_90978_91553_92048_90300_90427_88202_87396_87404_88716_86874_86520_88275_92153_93036_90874_92605_83025_88612_89949_89990_92597_88775_88911_87695_87418_88084_88634_89768_88896_87341_88839_88705_88400_90143_90538_87883_88803_88438_88742_88005_88996_89819_88176_87922_86222_88396_87777_88711_88859_87796_86249_82748_80113_81309_80113_80865_80259_79524_79759_80363_80888_81678_81657_79596_78583_75006_72723_73429_73052_74166_73425_74172_74328_74443_75047_77307_81797_79169_78014_84372_84447_89388_97170_103530_99052_90824_88336_85762_85024_84989_86052_84186_86925_87034_84866_83711_81946_82150
frwiki,2017,France,9015570,sovereign state with mainland in Europe and several overseas territories,دولة ذات سيادة تقع في أوروبا وتضم عدة أقاليم فيما وراء البحار,souveräner Staat mit Festland in Europa und mehreren überseeischen Territorien,país de Europa,pays transcontinental dont le territoire métropolitain est situé en Europe occidentale,суверенное государство с материковой частью в Европе и несколькими заморскими территориями,西歐國家，並同時擁有多個海外領土,File:Mapadefrancia.svg,https://commons.wikimedia.org/wiki/File:Mapadefrancia.svg,https://upload.wikimedia.org/wikipedia/commons/6/67/Mapadefrancia.svg,Monsieur Fou,CC BY-SA 4.0,https://creativecommons.org/licenses/by-sa/4.0,30973_32048_31718_32065_31754_30896_34449_32705_31835_31356_31927_31936_31334_32136_33170_32780_33269_33355_29699_24114_24156_26289_25471_25104_25769_24816_24315_24494_27749_28288_27657_32471_31707_31441_32026_33357_32098_31873_32456_27639_24139_24264_26177_24669_23989_24524_24826_24274_23828_25759_24737_24358_24664_24533_24038_23813_25565_24512_24803_25340_24618_23878_24127_25887_24696_24746_24701_23960_23362_23497_25390_25112_24709_24780_24146_24032_24444_25721_25700_25587_25372_24843_23782_28022_25507_26645_25721_25010_24717_24054_23938_25481_25039_25635_24869_24140_24814_23289_24152_24365_23893_24944_23674_23942_24233_30330_25735_24873_24842_24383_23816_24478_29886_26933_25828_25544_28317_24487_23511_24980_26096_25045_26170_25476_24176_25406_44123_33773_27412_26572_25839_23994_24904_32665_28870_25700_27219_24893_26922_23868_24242_24336_24052_23476_23495_22928_22637_24560_24032_23691_23609_23268_23147_22849_23703_24217_23558_23669_23040_22830_22517_25370_23961_24158_22949_23274_22501_23006_25082_24895_23564_24429_24108_23496_23597_24365_23763_26482_23597_23036_23430_23010_23721_23076_22805_22950_22862_22176_22733_23380_23523_23263_23213_22766_24331_23231_23493_23497_22773_23569_23248_22886_22764_23950_24182_23665_23596_23705_22408_22318_23338_22930_22500_22812_22665_22474_22272_23424_22434_23945_23662_23175_22947_23373_23756_22676_23228_22497_22687_23073_22112_23260_22432_22159_22352_22634_22744_21980_22577_23294_22613_22508_22957_21966_22151_24135_22428_22057_22917_23016_22944_23173_23705_22926_22492_23052_22817_22327_22788_24191_23148_23244_23089_22679_25252_23080_24565_24052_25332_25976_22800_22368_22913_24433_23292_23039_23449_22563_22342_23160_24426_23379_24239_23414_22456_22003_22416_23628_23333_22958_22940_23057_21804_22763_26059_23003_23089_22698_22786_23169_22930_23766_22875_22383_23360_23409_23274_23699_24603_24218_24232_24190_28166_38393_24940_25718_23494_23366_23997_23357_22576_23488_24714_23936_23242_23536_23477_22876_23271_26281_25772_24773_24591_23624_24552_23216_24546_24139_23788_24775_23827_23323_23101_24766_24089_23787_23878_23049_22441_22941_24143_23341_22775_22142_21922_21240_21304_21751_21970_22825_22796_22687_22281_22627_22290
eswiki,2017,Lali_Espósito,14164715,"Argentinian actress, singer, dancer and model",ممثلة ومغنية وراقصة وعارضة أزياء أرجنتينية,"Argentinische Schauspielerin, Sängerin, Tänzerin und Model","actriz, cantante y bailarina argentina",actrice et chanteuse argentine,"Аргентинская актриса, певица, танцовщица и модель",阿根廷女演員，歌手，舞蹈演員和模特兒,File:Lali_2018.png,https://commons.wikimedia.org/wiki/File:Lali_2018.png,https://upload.wikimedia.org/wikipedia/commons/8/81/Lali_2018.png,Fernando Radl,CC BY 3.0,https://creativecommons.org/licenses/by/3.0,30748_51983_36841_45724_92316_76635_72163_57303_36254_94209_36930_51639_122303_66035_23010_83074_69479_58463_70302_49618_72531_47464_75369_33007_67002_51129_54196_33613_13699_36434_55822_90953_89190_59408_28211_17075_21808_49880_55965_69111_75874_22001_58711_55552_36236_39171_107527_86830_85519_53846_26131_60708_82531_60651_57184_22798_101413_33046_29528_47996_23114_30416_24053_24654_26983_22914_21404_68835_91459_87979_10656_13809_21680_39292_51458_30321_29908_23088_15819_20988_26978_26640_22531_17309_15094_18293_123286_231361_283699_157547_120796_177687_163256_139235_56168_75758_49563_52350_86404_44838_54233_68411_72648_75170_32278_45461_89472_50786_84821_59888_66480_53961_52243_108153_122889_41558_26262_81405_37441_20984_23427_101171_97781_60442_100082_95793_122968_84762_47850_38217_120040_55785_34837_46051_67228_46973_127542_43529_112558_142371_165268_86678_133940_34219_26331_22279_23296_8814_33684_45483_33094_69764_42755_48001_127402_150210_152544_119722_240021_59500_151930_87526_160962_144851_132562_89043_63975_21706_108866_114112_146525_122857_35067_46920_7255_23970_23146_22703_19433_17748_24547_21776_6916_18317_21111_19206_28117_14925_6467_12865_14562_10633_17006_5923_21201_21732_7794_10700_17585_20455_23577_40932_22193_19566_24451_18801_25345_12717_18035_19993_13031_8797_7553_5137_5054_3630_47752_9765_27096_67882_8127_16993_37534_62186_4372_10087_23010_11717_9849_48939_54719_60943_6004_6564_11585_13278_11780_5514_2461_10955_14936_8079_8900_11564_2941_1692_9626_8732_8740_5741_12318_6264_4610_10291_26485_8849_11320_6412_3578_2671_6797_3670_4234_3381_3998_2118_2569_6470_5804_5898_19692_6452_10005_2377_19201_6131_12584_8859_4265_29889_1967_3880_5425_4224_4032_3054_1190_1214_1085_3313_4862_3722_4257_1192_1352_5350_2927_2997_4007_3337_824_2940_4444_1103_7999_4135_3299_1244_1178_13987_7115_5754_6576_913_1766_3212_59846_6042_3538_4234_5093_3393_1005_1285_47781_80723_47433_60008_41841_6149_7569_9961_15619_5209_9454_59767_30203_4303_1631_5772_2417_1289_1438_1157_2689_3406_6084_2129_6824_2555_4445_1184_4501_8564_5108_5050_1635_697_1244_3238_2998_3891_2657_1908_6082
zhwiki,2017,Wiki,9520718,type of website that visitors can edit,نوع من مواقع الويب الذي يمكن للزوار تعديله,"Art der Website, die Besucher bearbeiten können",sitio web cuyas páginas pueden ser editadas por múltiples voluntarios a través del navegador web,type de site web collaboratif,"веб-сайт, содержимое которого могут редактировать сами пользователи",訪問者可以編輯的網站類型,File:Ward_Cunningham_-_Commons-1.jpg,https://commons.wikimedia.org/wiki/File:Ward_Cunningham_-_Commons-1.jpg,https://upload.wikimedia.org/wikipedia/commons/8/88/Ward_Cunningham_-_Commons-1.jpg,Carrigg Photography for the Wikimedia Foundation,CC BY-SA 3.0,https://creativecommons.org/licenses/by-sa/3.0,4705_5288_5699_6449_5590_5703_5081_5398_5659_5931_5746_5401_3956_3874_4595_5237_4911_5067_5053_4647_4114_4286_5279_4877_4847_4343_3682_3513_3729_4093_4617_4855_5146_5303_4697_4830_5684_5527_5387_5466_4836_4172_4695_5379_5287_5295_5239_4749_4828_4545_5490_5264_5898_5509_5096_4519_4739_5166_5031_5610_5917_5322_4425_5064_5665_6095_6038_5987_5836_4755_5206_5872_5693_5383_5178_5296_4552_4950_5748_5752_5594_5614_5404_5015_5047_5739_5769_5484_5936_5377_4382_4360_4681_4862_5439_5610_5465_4665_5203_5467_5359_5207_5285_4987_4558_4921_5709_5725_5468_6098_5343_4870_5086_6094_5548_5994_5680_5265_4442_4769_5183_5480_5414_5375_5590_4862_5019_5992_5653_5821_5709_5021_4781_4875_5915_5654_5650_5298_5304_4501_4830_5879_5800_5579_5385_4946_4369_4737_4957_5134_5511_5702_5583_5383_5762_5688_5728_5021_5258_4841_4650_4847_5863_5193_5414_5133_5013_4580_4884_5583_10369_11866_11375_12632_11932_11986_13016_16248_19036_23111_28959_28881_28932_26550_30740_32309_38720_41222_37797_37254_43425_49777_54439_58277_59080_58386_58454_59533_59319_60461_58784_60023_59388_59555_59889_61566_62083_61947_62290_62195_62595_63601_66137_66665_66041_66176_65735_65508_65477_65015_64977_64906_64582_63844_64157_64892_60968_50612_50496_49022_46317_46746_49543_50788_50827_50580_50506_49790_50211_50336_49318_48961_49291_49110_48561_48770_49485_50103_49454_49487_49187_48668_48723_49612_49638_49856_49930_49650_49046_49182_50275_50117_50236_50063_49507_48955_49043_50039_24174_20583_19939_20016_19952_19491_20438_20352_19892_20354_20274_19435_19560_21394_23315_25306_24961_24707_23965_24429_26680_26611_26298_25947_25789_25148_25132_26196_25826_26387_25962_25679_24457_25069_26074_28515_29605_32805_35576_35037_35305_37160_39184_42886_48236_48937_47508_48062_48890_51420_52158_51004_41073_50464_50469_55055_59664_60197_60800_63690_63115_63496_68022_68750_68843_72305_73204_71075_71351_76572_77993_78196_77977_80543_79962_80528_82100_86787_89996_90301_33462_8424_8704_11450_12712_16288_16475_18762_17808_18100_23411_30025_30534_30632_31465_30450_30068
arwiki,2017,أرطغرل,1552478,"Ottoman ruler, father of Osman I",قائد عثماني، ووالد عثمان الأول,"Osmanischer Herrscher, Vater von Osman I.","Gobernante otomano, padre de Osman I","Dirigeant ottoman, père d'Osman I ","тюркский правитель, отец основателя Османской династии Османа I",奧斯曼帝國統治者，奧斯曼一世之父,File:Ertugrul-gazi-1.jpg,https://commons.wikimedia.org/wiki/File:Ertugrul-gazi-1.jpg,https://upload.wikimedia.org/wikipedia/commons/9/93/Ertugrul-gazi-1.jpg,Эртугрул Гази,Public domain,,3388_3314_3079_3481_3450_3877_3649_3449_3908_4047_4460_4719_5648_4919_4415_5013_5140_5288_5565_5928_5597_5117_5157_4896_4596_4300_4397_4149_4021_3927_3961_3957_4207_4522_4644_5254_5551_4907_5394_5348_5180_5098_5124_4753_4437_4752_4978_5570_5893_5531_5418_5719_5759_5835_6063_5726_5381_5579_6206_5216_5068_5321_5246_4895_4688_4392_4599_5262_5727_5631_5515_5264_5766_5968_6136_7019_6232_5968_5857_5838_6294_6515_6139_5843_5275_5107_4637_4346_4869_5059_4409_4742_4615_4312_4226_5025_4976_4416_4452_4554_4214_4786_5576_5304_4634_4675_4830_4685_4856_4719_4634_3914_3865_3950_3880_4014_4465_4506_3931_3699_4356_3597_4929_4376_3984_4156_4264_4926_4785_4863_5771_5919_5479_4749_4684_4449_4142_8684_7809_5896_5066_4408_4531_4287_4290_3819_3763_3781_3873_3861_4171_4187_3885_3874_3977_4196_3359_3570_4397_4466_4432_4018_4504_4736_4387_7908_8205_7262_5574_5235_5218_4752_4366_4170_3924_3775_4139_4011_4064_4037_4107_4121_4118_3923_4083_3984_4206_4457_4335_4314_4216_4182_3946_4061_4655_4397_4525_4338_4536_4493_4640_4161_4202_4435_3939_4013_4145_3990_4303_4541_4221_4275_4263_4061_4252_4357_4616_4176_4096_4133_4313_4255_4338_3888_3910_3839_3657_3272_3590_3843_3858_3339_3474_3349_3056_3098_3782_3974_3739_3501_5294_3580_2743_2265_2908_3012_2817_2854_2778_2849_2965_2935_2769_2654_2769_3212_2905_2941_2687_2531_2505_2522_2411_2666_2720_2463_2436_2444_2366_2236_2614_2607_2498_2673_2695_2810_2515_2521_4147_4314_3203_2976_2773_2742_2689_2641_2719_2910_3081_3131_3107_2861_3145_3080_2922_2933_2872_3407_5312_5275_3770_3348_3148_2963_18102_3400_3630_3169_2695_2783_2757_2962_3072_3091_3039_3024_3187_2829_3121_3786_4427_3515_3746_3532_3377_3387_4526_4716_4042_4663_3806_3416_3560_5578_5188_3922_3743_3680_3283_3394_3650_4102_3739_3403_3418_3572_3424_3584_3670_3819_5861_3569_3647_4055_4913_4846_4244_4306_4450_4162_4423_5036_5184_4478_3752
dewiki,2017,Nekrolog_2017,6830310,Wikipedia list article about people who died in 2017,قائمة ويكيبيديا للأشخاص الذين توفوا في عام 2017,"Wikipedia-Listenartikel über Menschen, die im Jahr 2017 gestorben sind",Lista de Wikipedia sobre personas que murieron en 2017,liste d'un projet Wikimedia,"статья-список в проекте Викимедиа о людях, умерших в 2017 году",維基百科有關2017年死亡者的列表文章,,,,,,,19284_22561_21471_20657_20970_18206_14539_16190_26338_22282_19305_20956_18824_14942_14945_25380_20902_21069_20014_18746_13751_14936_24664_20845_21150_19592_18606_16683_15660_25220_19822_21331_19904_19134_14217_15243_25190_20394_22096_22876_21302_16600_17682_25046_28064_23440_20605_19736_15472_16128_23891_22481_21416_21372_19736_14505_16258_25035_23955_21907_21178_17453_13171_14850_22121_21020_18741_17853_15983_11401_14604_22830_21370_19627_17448_17222_13305_13759_25268_19968_19297_18731_17711_12870_13546_21711_23262_20813_20353_17080_12630_13388_20066_17781_17856_17815_16729_12117_12282_21803_18484_20452_18174_13423_12131_13170_15062_23458_19940_18541_18620_13957_15570_26204_22960_20195_18202_17034_11967_12773_14780_22997_21624_25888_21130_14457_15917_23869_20353_22526_20771_18325_12093_12580_20438_20530_18542_20311_17152_14977_14906_24613_24153_21295_13415_18344_13927_14831_25398_21740_18997_20161_17446_12878_13421_14595_25167_19823_19814_19258_13956_13876_21434_18752_18489_15257_18650_13165_15111_24943_21749_22157_22666_18534_13422_13963_20424_19092_21121_19254_17411_12802_14436_22687_20154_20276_17982_16352_12489_15216_21565_18309_17682_17485_16059_11922_14170_26259_18504_19118_23378_20452_17055_17585_26939_23697_21901_21787_17912_12897_13967_23231_20181_18972_19130_17709_12722_14205_22181_20288_20902_20393_20832_12970_13218_20508_19292_19644_18655_17060_12925_14678_23832_21444_19110_18759_19078_13724_14588_24725_19273_19748_19538_19188_13250_13811_21249_18567_18772_17502_16692_15293_14243_21667_20801_19517_22399_17821_13528_13845_22878_18840_18495_17480_15809_12150_12535_20811_18773_17885_21210_22494_15861_15756_20993_18207_22773_19935_20222_15403_16873_28351_22842_20239_18825_17022_12207_13231_20828_19533_18594_20971_17714_14280_14563_24141_20080_20696_17885_19316_13438_14764_18294_15851_19719_22236_18431_13057_14454_21871_21725_20109_21810_20158_14303_15604_24921_25225_21566_20821_20770_17953_17257_28626_22957_23766_22544_17621_13804_16223_23263_20715_19980_18879_18212_13918_14757_22927_20791_21178_23766_19338_16200_15784_23608_22512_20488_19445_17274_13088_15698_24484_21162_20498_18703_18158_16019_14137_16673_18396_22338_20870_18735_16208_15108
ruwiki,2018,Чемпионат_мира_по_футболу_2018,7341231,"21st FIFA World Cup, held in Russia in 2018",النسخة الحادية والعشرون من بطولة كأس العالم والتي عُقدت في روسيا,"21. FIFA-Weltmeisterschaft, die 2018 in Russland stattfand",XXI edición de la Copa Mundial de la FIFA,21ème édition de la Coupe du monde de football,"21-й чемпионат мира по футболу ФИФА, проведённый в России в 2018 году",2018年在俄羅斯舉行的第21屆FIFA世界杯,File:FIFA_World_Cup_2018_Logo.svg,https://ru.wikipedia.org/wiki/%D0%A4%D0%B0%D0%B9%D0%BB:FIFA_World_Cup_2018_Logo.svg,https://upload.wikimedia.org/wikipedia/ru/4/49/FIFA_World_Cup_2018_Logo.svg,FIFA,Добросовестное использование,,5678_5985_6058_5910_5683_6101_6433_6449_8047_7666_8122_8440_6735_7606_8276_8526_8574_8531_8057_7063_7616_9638_11973_10489_9970_9575_7871_8618_10056_10727_9745_10917_10054_8330_9042_9157_9268_9458_9997_10267_9186_8986_9042_9817_9434_9499_8771_7692_8493_8882_9579_9591_9061_8313_8575_14933_12513_11551_11559_9488_10667_8948_8949_9345_14539_9139_8259_8706_9998_11274_11965_17615_14625_12613_11153_9906_9257_11587_14661_13240_13694_18419_14280_11640_13408_16199_13803_11533_11311_9178_11087_12045_13434_12066_11651_11098_9864_10673_12360_13582_13944_12965_12169_10189_13041_14497_15256_18164_13631_12923_12014_12781_14845_14416_17660_15333_14597_14878_14867_14234_15745_16201_21444_19211_15235_18429_18715_17197_12674_22038_19949_16032_18627_24827_24628_23973_24591_23364_20666_23318_31705_32510_32163_31182_31221_35441_35416_38173_36348_38424_34491_35197_34224_40149_49996_51511_46728_47579_51065_54291_54406_59037_70768_119451_232458_191162_164533_147533_128896_170304_162922_125373_115162_106320_119873_162482_139007_159838_150487_78590_97319_195963_155695_119522_73298_47190_88285_133689_81648_51520_63048_76889_57184_38593_68284_161967_84031_32150_22068_16243_13755_12032_10534_10011_8743_8134_7431_6964_6535_6781_6572_5875_5310_4930_4493_4500_4485_4858_4413_4271_4196_3798_3649_3762_3856_3807_3974_3794_3384_3278_3278_3295_3401_3214_3029_2949_2816_2910_3351_3034_2955_3088_3269_2697_2969_2992_3018_3341_3662_4239_3996_3697_4153_4165_3426_3177_2911_2658_2929_2688_2914_2708_2549_2441_2430_2883_3098_3691_2778_3061_2811_2578_2630_2566_3073_3075_2664_2248_2279_2470_2501_2660_2819_3834_3237_2834_3583_3213_3901_3099_2420_2450_2360_2752_2543_2604_2278_2461_2238_2170_2470_2339_2222_2146_2194_2100_2317_2545_2636_2226_2396_2125_2155_2283_2312_2691_2229_2373_3584_3223_2550_3315_2868_3235_2713_2296_2143_2171_2005_1876_2003_2279_2053_2063_2091_2961_2884_3414_2460_2074_2070_2024_2242_2119_2231_2431_2203_2008_2052_2495_2163_2194_2398_2214_2311_2255_2435_2229_2191_2262_2144_2168_2214_2866_3242
enwiki,2018,2018_FIFA_World_Cup,34993993,"21st FIFA World Cup, held in Russia in 2018",النسخة الحادية والعشرون من بطولة كأس العالم والتي عُقدت في روسيا,"21. FIFA-Weltmeisterschaft, die 2018 in Russland stattfand",XXI edición de la Copa Mundial de la FIFA,21ème édition de la Coupe du monde de football,"21-й чемпионат мира по футболу ФИФА, проведённый в России в 2018 году",2018年在俄羅斯舉行的第21屆FIFA世界杯,File:2018_FIFA_World_Cup.svg,https://en.wikipedia.org/wiki/File:2018_FIFA_World_Cup.svg,https://upload.wikimedia.org/wikipedia/en/6/67/2018_FIFA_World_Cup.svg,,Fair use,//en.wikipedia.org/wiki/File:2018_FIFA_World_Cup.svg,22790_23271_22217_21517_21199_19879_22695_21939_21145_20896_20485_19056_21399_23732_23225_21482_21387_20326_19749_20178_22321_24716_23624_25026_21937_20514_21861_22838_22439_22068_20365_21311_19572_21258_25414_37525_23170_21997_22988_25969_31408_29509_27232_26073_25278_24378_23647_25747_26679_26967_27916_26891_26761_24356_27058_33436_30926_25997_25915_24397_22784_24896_26638_24638_34164_29385_24948_25318_25936_27332_29032_33153_30959_31272_28956_28635_30010_30574_33206_36012_40006_51747_51483_38475_42615_57199_49716_34260_29237_26867_28843_27566_28275_27871_26143_24091_24097_26386_26673_26614_28365_29305_27645_26613_29901_30381_31195_32185_27751_26672_26711_29377_31617_35075_40366_35671_30612_27309_30390_35212_38595_40669_38651_36207_34752_40551_42668_42449_42528_42144_44771_43598_50741_67827_77445_82187_76127_75570_67894_69435_92698_88220_81859_79926_75064_97402_96517_107142_111254_109250_103507_103884_112937_125246_147393_134278_132223_141654_137902_134611_150929_190287_209707_350914_824427_716029_619905_639391_682715_564738_542908_611781_614414_617930_749768_733748_731415_965944_878015_395179_539015_671027_624746_610709_375796_243351_551750_649169_341911_259341_423664_501594_314388_203894_418963_975990_432112_172246_116918_95260_91358_75807_74547_71713_63925_58718_57452_55744_61586_67900_67914_61389_63393_55729_55938_56551_53811_65150_66250_51074_49244_47190_46386_48583_54673_51071_53081_48519_59558_57255_57467_60825_58779_60983_63172_73392_57332_64568_65163_40980_41967_42952_41860_39893_34984_39473_40696_41956_52677_43804_56719_58515_44196_43342_46421_38710_43838_33928_34338_49200_45211_36836_40252_38935_36859_33975_43573_38868_42543_40108_46793_38619_62910_55037_40970_41399_43922_50612_47954_54748_57528_48694_39916_44960_43317_52839_49831_47455_49317_51390_44535_42885_38973_40570_48897_41752_36853_46172_41986_34332_50290_54123_45990_37734_48501_46408_51038_44410_49662_50450_43516_53568_49324_56378_52478_48004_46431_48869_48289_46287_50258_57880_55157_51779_45152_49101_46705_47884_44344_46493_48730_43260_55588_46270_40147_40327_52130_49735_48210_43958_43166_36057_32471_36508_37989_31669_34430_30081_32720_35331_36354_41943_41357_41245_51158_43271_54760_60794_49975_50458_63040_66793_59163_53586_54671
frwiki,2018,France,8527671,sovereign state with mainland in Europe and several overseas territories,دولة ذات سيادة تقع في أوروبا وتضم عدة أقاليم فيما وراء البحار,souveräner Staat mit Festland in Europa und mehreren überseeischen Territorien,país de Europa,pays transcontinental dont le territoire métropolitain est situé en Europe occidentale,государство в Западной Европе,西歐國家，並同時擁有多個海外領土,File:Mapadefrancia.svg,https://commons.wikimedia.org/wiki/File:Mapadefrancia.svg,https://upload.wikimedia.org/wikipedia/commons/6/67/Mapadefrancia.svg,Monsieur Fou,CC BY-SA 4.0,https://creativecommons.org/licenses/by-sa/4.0,22964_23865_23851_23693_23952_23729_26896_25182_23883_23749_23606_26039_22983_24804_24505_25098_24501_24313_23712_24325_25608_25029_24493_24768_24412_23724_23858_25366_24151_23996_23865_23465_22705_23213_25776_24881_24807_24570_25107_26643_25161_26905_25232_24755_23721_24089_23191_23501_25295_24972_24596_24265_24409_23630_23388_25123_24230_24020_23817_23491_23580_23413_25508_24304_23748_23314_23023_23061_23165_24311_24261_24044_23717_23456_23133_23579_25233_24280_24766_24168_23631_24027_23633_24445_24548_24553_24066_23213_23242_22791_23960_24514_23385_26257_23527_22703_22505_23800_23628_23330_23376_23591_22558_22967_22987_23915_23696_23250_22852_22734_22329_23497_23801_23324_23127_22939_23054_22566_24011_23436_23994_23476_23518_22694_22358_23302_23032_26874_24003_24018_23400_23614_24844_24038_23495_23495_22762_22076_22648_22838_24150_23241_23453_23206_22572_22287_23360_24057_23951_23316_23152_22843_22247_23247_23201_23705_23114_23125_22641_22688_23924_23449_23565_23050_23009_22643_24666_24068_23232_22698_22596_23634_22691_22369_23544_22820_23341_22332_22087_21544_24720_24509_23017_23531_22029_22509_27023_24181_23421_22842_26484_27732_24980_23415_24680_31715_28002_24416_24587_22825_22635_22645_22747_22748_22465_22253_22309_21763_22165_22782_25548_22222_22253_22005_22750_23080_23669_22926_23258_22885_23212_22906_23224_24199_23008_22374_22659_22025_23204_23243_23220_22366_22376_22277_25174_22537_22502_22924_22174_22064_22372_23102_21734_22117_22118_21581_22692_22728_22617_21908_22023_23685_22424_24678_22384_22437_21901_21992_22703_22308_19541_15177_14814_15204_10844_16040_15731_15396_15132_15189_14779_14600_15564_15576_15418_15343_14949_14970_15092_17060_16118_16059_20573_23210_22479_23106_23905_23525_23741_23359_22571_22393_22023_22851_25211_23038_22674_22223_22528_22264_23493_24405_23069_22727_23617_23667_24094_25596_24274_23903_24426_26759_22840_23770_25410_24258_24112_37399_41964_53004_24453_24661_23927_24725_24159_26567_25081_24627_26255_25704_25553_24912_24795_24137_28404_26362_25836_25009_24800_24560_23706_24330_25175_25265_25024_24933_24229_23590_26710_25294_24011_23584_26157_22737_22116_22296_22709_22048_23779_22377_22913_22514_22889_23590_22206
eswiki,2018,La_casa_de_papel,6028993,Spanish television crime series,مسلسل جريمة تلفزيوني إسباني,Spanische Fernsehkrimiserie,serie de televisión española,Série télévisée espagnole,Испанский сериал с 2017 года,2017年西班牙犯罪電視節目,File:Casadepapelwordmark.png,https://commons.wikimedia.org/wiki/File:Casadepapelwordmark.png,https://upload.wikimedia.org/wikipedia/commons/f/f7/Casadepapelwordmark.png,Atresmedia,Public domain,,10094_15273_14262_12863_11526_11356_13443_14525_13262_12611_12911_12143_13590_18003_21137_17864_17554_16835_15627_16073_20037_22168_20612_20615_20068_20175_21375_24669_26781_26569_24660_22921_21632_22641_26847_30692_30630_28744_28965_28211_28973_34153_39670_35437_30846_28666_29570_30979_38519_40628_35316_32030_29824_33126_32179_41237_48122_43602_37013_31968_32741_35406_41456_37117_34401_30271_27092_27215_29222_35580_33848_26872_24536_22422_22141_26158_32763_32638_27099_24059_21923_20694_23719_29566_28678_22519_21970_25286_28740_31665_33413_34605_26925_23174_25029_38321_55238_71384_72317_58131_56992_50640_50304_52356_65578_61534_52481_74498_59470_49930_51069_64927_58084_43627_38822_34697_32373_35880_46685_47443_45907_40557_27974_23119_25911_31650_29969_23970_22542_20143_18746_19770_24999_25559_21569_18714_18514_15927_15697_19805_20493_16978_14510_13153_12302_13093_17084_16666_13060_11691_11006_10319_11876_15055_14198_11787_10769_10120_9924_10401_13832_13432_11477_9904_9342_7846_9273_10807_10105_8442_8186_7723_7520_7536_9853_9792_7996_7467_7928_7380_7361_8956_9266_8137_9812_8275_7484_7595_8866_9911_7836_7110_7872_7561_7570_9195_9660_8948_8312_7965_7697_7937_10066_10064_9377_8592_7905_7299_7798_9709_9813_8077_7456_7153_6818_6846_8396_8523_7828_7090_6954_6287_6357_7614_7752_6552_6541_6408_6150_6296_7394_7873_6886_6259_6242_5844_5994_7269_7428_6301_6227_6217_5598_5842_6997_7423_6486_6342_5706_5184_5655_6973_6717_5842_5779_5257_5021_5598_6408_6389_5412_5240_5165_4894_5091_6384_6423_5448_4793_4713_4738_4558_5694_5124_4572_4645_4406_5463_7393_8962_8547_8046_7103_6806_6984_7695_9309_9448_8263_7127_6828_6558_7039_8981_8290_8016_8013_13003_11887_9889_10596_9157_8146_7544_8403_8149_8763_10019_9141_7060_6515_6549_6416_6607_7847_7365_6199_5775_5680_4935_5522_6740_6420_13791_8547_6637_6571_7079_8290_9094_6846_5986_5489_5150_5613_6712_5866_5240_4961_5626_4918_5657_6297_5382_4843_4961_4679_4511_5294_6188_5071_4791_4600_4097_3965_4338_5026_4300_5014_6220_6043_5689_6108_6644_5249
zhwiki,2018,延禧攻略,10585529,television series,مسلسل تلفزيوني,Fernsehserie,serie de televisión,série télévisée,телесериал,2018年中國古裝電視劇,File:延禧攻略.jpg,https://zh.wikipedia.org/wiki/File:%E5%BB%B6%E7%A6%A7%E6%94%BB%E7%95%A5.jpg,https://upload.wikimedia.org/wikipedia/zh/a/a5/%E5%BB%B6%E7%A6%A7%E6%94%BB%E7%95%A5.jpg,"作者
",合理使用,,0_0_0_0_0_0_0_0_0_0_0_0_0_0_0_0_0_0_0_0_0_0_0_0_0_0_0_0_0_0_0_0_0_0_0_0_0_0_0_0_0_0_0_0_0_0_0_0_0_0_0_0_0_0_0_0_0_0_0_0_0_0_0_0_0_0_81_91_89_74_83_79_80_106_0_0_0_2_0_0_0_0_0_0_0_0_0_0_0_0_0_0_0_0_0_0_118_91_68_77_80_83_87_35_0_0_0_0_0_0_0_0_0_0_0_0_0_0_0_0_0_0_0_0_0_0_0_0_0_0_0_82_129_118_123_113_133_108_48_101_113_139_130_129_132_165_95_1_2_0_0_0_0_0_0_0_0_0_0_0_0_0_0_0_0_0_0_0_0_0_0_0_0_0_0_0_0_0_0_0_0_0_0_0_0_0_0_0_0_0_0_0_0_0_135_662_1297_1432_1440_4751_13230_22177_32323_34799_41100_46685_58774_59437_69567_81726_80747_75799_74733_88628_84850_89655_109462_135618_136564_133208_145938_158616_168410_208879_204947_201364_190233_196266_200124_206409_243715_250622_265744_260894_244798_239410_240191_260139_247344_206977_169004_145824_136192_150706_160479_128497_119261_106584_100573_93016_107961_119260_93702_88195_86827_81441_74764_88652_96175_76022_67586_59753_56561_54529_53286_67802_68602_67325_57627_54927_52056_65034_62727_54087_44499_45156_40183_37716_48589_39104_30370_27912_26785_23787_23287_26138_26188_22290_22202_21258_18525_18232_19804_19460_16549_16220_15445_14226_13928_15622_16053_13695_12892_14068_15777_15209_16831_18176_21988_25369_24938_25641_25473_18236_17409_20930_22212_22953_23105_22374_17040_16295_17967_18280_17878_17834_17268_10928_12270_15508_17233_18672_17934_17836_13529_13653_15276_15804_16583_16333_15904_11905_12267_14063_14174_14734_14974_15314_10445_9816_11728_12148_12212_12514_12461_8305_8597_11439_11852_12408_12562_13025_9677_9806_14233
arwiki,2018,كريستيانو_رونالدو,2237900,Portuguese association football player,لاعب كرة قدم برتغالي,Portugiesischer Association Football Spieler,futbolista portugués,footballeur portugais,португальский футболист,葡萄牙足協足球運動員,File:Cristiano_Ronaldo_2018.jpg,https://commons.wikimedia.org/wiki/File:Cristiano_Ronaldo_2018.jpg,https://upload.wikimedia.org/wikipedia/commons/8/8c/Cristiano_Ronaldo_2018.jpg,Анна Нэсси,CC BY-SA 3.0,https://creativecommons.org/licenses/by-sa/3.0,3086_3291_3083_3137_3409_3350_5009_4044_3693_3505_3599_3481_4736_4382_4658_4881_5190_3914_4154_3920_5383_5055_4862_4429_4046_4397_5313_4542_3873_3703_3496_3687_3700_4296_4575_9194_4998_3918_3835_3637_5078_5006_4040_4130_6878_7048_5608_5126_5558_4792_5907_5894_4462_4225_8498_7088_4844_4546_3744_5393_4906_7229_19417_13897_10188_9971_6715_6243_8479_6327_5360_4686_8028_8569_6081_5212_8136_8389_6255_5229_5335_10751_10304_7211_6270_5147_4309_4191_4473_4902_4488_4231_8984_11354_6586_5695_5894_5869_4731_4983_7428_6837_5844_5533_5034_4431_4075_4151_3891_3861_5496_6682_5320_5732_7790_5333_5109_4440_4764_4873_6259_5460_4292_4686_5597_9242_7842_5728_5864_5104_5348_5167_5937_4921_4320_3724_3566_4065_4615_5842_4911_5077_5297_5177_6131_14340_18048_11828_9250_8496_8174_7200_6186_5891_5275_5292_5234_6023_6431_5444_5211_5460_5246_4745_4714_18767_22004_15336_11632_12307_24134_19358_16712_12366_11752_13624_11752_10335_8308_8315_24633_17418_10694_10995_12142_22436_23708_16470_11635_10135_34020_32148_17738_13815_11127_10528_13184_12657_9441_7135_6859_6647_6101_5603_6245_6250_5845_5411_5292_4996_4739_5017_4610_4498_4662_4664_4311_4325_3977_4197_4175_3986_4423_6157_7254_5005_5954_4764_4320_5983_5489_4493_3896_4414_4229_4070_4667_4347_3658_3696_3526_4512_4402_4457_3948_4413_3974_3486_3794_3421_3098_3200_3427_3419_2939_2772_3380_4065_7487_6498_6488_7145_5577_4441_4531_4594_5258_4813_4451_3425_3482_5280_3596_3291_4043_4688_4246_4309_5022_5005_3920_3989_3577_3375_3987_3785_3379_3211_3866_3417_3157_3310_5079_4684_4315_6062_4692_3676_3551_5036_7006_5691_4929_5219_4193_4319_6186_7102_5003_4854_6433_4670_4463_3975_5064_4937_5029_4482_4422_6209_4942_3766_3449_4689_3424_3096_3490_4711_3943_5145_4894_4907_4342_3856_4920_4215_4399_4548_3827_3322_5168_4544_4436_4378_4411_4489_3545_3554_4441_5231_7044_4996_4331_3260_3352_5778_3825_3734_3921_3388_3477_3403_4642_3644_3241
dewiki,2018,Nekrolog_2018,6551964,Wikipedia list article about people who died in 2018,قائمة ويكيبيديا للأشخاص الذين توفوا في عام 2018,"Wikipedia-Listenartikel über Menschen, die im Jahr 2018 gestorben sind",Lista de Wikipedia sobre personas que murieron en 2018,page de liste de Wikimedia,"статья-список в проекте Викимедиа о людях, умерших в 2018 году",維基百科有關2018年死亡者的列表文章,,,,,,,15616_19300_20821_18772_17919_14572_17370_24016_21980_21519_22275_18796_13943_14730_24302_23090_25041_23401_20421_16368_17080_27204_22383_21205_20613_17591_13251_15759_23756_19866_20855_22246_20760_16680_15426_22081_21852_19500_19104_17525_14615_16398_21383_21719_24245_21933_18559_15170_14698_24421_22266_20073_18099_18808_14854_16548_26408_23433_21004_19855_18957_13848_16353_20710_20919_19834_18232_17278_13357_15808_30315_25761_26286_20938_19852_14955_17913_24829_21419_20418_19339_18235_14129_14699_23314_20239_20355_17452_14909_13889_14162_15053_22443_20145_18687_18219_12594_13517_24306_21796_19248_19165_17780_13263_14359_22856_18430_18632_19549_19952_13919_17035_29621_22179_20067_20034_16619_12839_13553_18419_15668_21235_19871_20900_13237_13861_21898_20363_17786_14906_15594_12577_14355_24450_21110_20565_19000_16706_12006_12609_15606_25180_20936_19057_22015_12905_14230_22147_23624_20866_16968_16482_14441_14438_21876_19880_18949_19876_19971_13576_14646_26976_22404_21407_21366_18427_13496_14074_20729_19843_18812_19048_16704_12244_14287_21044_20773_19140_18037_15807_12574_13394_20993_18810_18664_17921_17524_12585_13798_22876_18415_19257_17368_16681_12562_13249_21637_18061_17144_17256_16931_12778_13124_20768_18664_17271_17196_17383_12793_13256_24512_22845_19416_18016_17498_12116_12981_20771_18108_19041_19194_16663_12119_12668_20273_17903_19789_17787_16397_12472_13393_21150_17574_18772_16866_17307_13189_14480_22339_19080_19572_17221_15877_12983_13887_20867_19030_17697_18091_16060_12151_15489_26798_21965_20529_19137_16806_12343_13570_20298_17857_16490_16193_16393_11605_12550_19624_17110_15334_15369_13991_11158_12801_21343_18457_13972_20474_16269_13279_14506_22595_19895_17761_18866_18166_12586_12523_19968_18866_19399_19662_16347_12361_13440_20430_17746_18787_17997_15730_12402_14447_19967_19022_17448_17186_17741_13701_14165_23127_18055_19075_18098_17471_13261_12960_21265_19248_19582_18376_18159_14254_15278_20828_17106_16934_17749_15718_12107_13487_22036_21213_17302_17322_15479_15463_17584_30716_27403_21970_20105_19651_12884_14084_21113_17337_16764_17033_16713_12198_13576_19452_19207_18804_17488_15320_12880_13941_12190_13409_13588_17728_15964_14082_15631_14749
ruwiki,2019,"Мамонтов,_Савва_Иванович",12779802,Russian businessman,رجل أعمال روسي,Russischer Geschäftsmann,Empresario ruso,Un homme d'affaires russe,российский бизнесмен,俄羅斯商人,File:Савва_Мамонтов.jpg,https://commons.wikimedia.org/wiki/File:%D0%A1%D0%B0%D0%B2%D0%B2%D0%B0_%D0%9C%D0%B0%D0%BC%D0%BE%D0%BD%D1%82%D0%BE%D0%B2.jpg,https://upload.wikimedia.org/wikipedia/commons/0/0d/%D0%A1%D0%B0%D0%B2%D0%B2%D0%B0_%D0%9C%D0%B0%D0%BC%D0%BE%D0%BD%D1%82%D0%BE%D0%B2.jpg,Unknown author,Public domain,,101_193_253_187_231_164_165_157_167_150_131_161_200_176_189_257_723_193_199_209_225_219_213_213_172_136_187_198_225_246_189_195_184_265_171_242_231_215_183_229_297_232_229_193_183_202_158_47217_89771_86005_76714_89414_95716_123080_145637_163215_86916_100665_114944_127021_82509_79267_60744_37738_36871_3433_215_245_265_291_237_257_266_225_197_253_320_218_216_228_189_159_203_216_198_179_172_175_180_211_207_230_302_210_216_219_229_248_199_216_291_182_231_1203_488_306_243_208_168_159_396_249_250_231_295_193_170_171_193_35031_102257_118407_144349_117764_77848_84408_75309_53096_49171_58268_81558_52829_55769_70243_44541_54739_54810_54659_55204_53195_33384_237_244_198_163_210_208_192_167_169_175_146_167_172_182_190_216_187_185_177_150_135_142_138_152_143_131_186_134_137_343_173_162_167_140_148_213_141_131_172_188_115_42438_113285_97509_127669_127614_144224_130530_120021_104498_105050_59212_53617_65117_71043_64653_47272_54585_54514_51200_52176_50534_52414_53028_38462_42935_48196_22342_22185_21069_20663_21628_19446_22564_20618_7133_299_295_265_6055_455_313_199_197_195_150_162_5573_37582_39156_37787_42584_48368_51901_10805_55228_58874_41156_50004_34256_38434_24447_47890_50717_50385_45638_49532_39226_41202_46885_52870_80505_109781_100683_104712_65022_72827_75264_100677_109392_126486_124892_120708_101019_99131_86191_85786_84552_103799_119815_112763_116066_103857_97726_101234_107670_88599_53836_87389_104116_103982_97636_86183_88070_68917_79752_85791_73735_56310_42119_43023_36158_46683_74098_48745_79099_84398_35428_39531_49435_73451_41478_67325_61042_52447_49117_46409_50470_74994_83243_84387_86462_69996_64081_51850_74071_84103_71058_55862_59766_43285_51566_41850_62751_87782_71788_62073_54706_53690_49194_53372_56975_53181_36258_47689_36895_19717_18921_20335_16239_9541_270_213_224_231_212_190_227_186_263_205_165_167_216_179_201_269_151_171_150_126_128_113_107
enwiki,2019,Avengers:_Endgame,44433140,2019 superhero film produced by Marvel Studios,فيلم بطل خارق 2019 من إنتاج استوديوهات مارفل,2019 Superheldenfilm produziert von Marvel Studios,película de acción y ciencia ficción de 2019 dirigida por los Hermanos Russo,"film de super-héros des studios Marvel, sorti en 2019",фантастический фильм США 2019 года режиссёров братьев Руссо,由漫威影業製作的2019年超級英雄電影,File:Avengers_Endgame_poster.jpg,https://en.wikipedia.org/wiki/File:Avengers_Endgame_poster.jpg,https://upload.wikimedia.org/wikipedia/en/0/0d/Avengers_Endgame_poster.jpg,,Fair use,//en.wikipedia.org/wiki/File:Avengers_Endgame_poster.jpg,57088_59988_48101_42946_42055_44832_40164_36106_31649_30924_29483_31699_36275_37752_66630_55885_38412_31302_32466_34358_31762_28860_26157_24053_23343_25594_30197_27901_23755_24961_24869_23910_26772_32751_60470_37252_35485_36151_35452_34523_35511_33913_27974_25216_24175_24758_26582_28950_27994_28637_26468_25224_24355_25631_28262_31472_28565_25078_24628_24799_27934_32393_32465_32756_39298_45481_67110_89976_96301_83956_63448_57072_172250_140841_92569_86608_75943_64668_58203_59282_58328_57675_71174_74197_93420_83960_67942_63475_57826_62903_67870_123525_119654_93909_86586_78838_83860_95148_93279_90513_90827_82957_77115_78280_82023_118606_121812_106639_111865_112846_150858_212955_616183_1366043_1545570_1990242_1675892_1676141_1412331_993762_841591_733694_697170_737046_911430_815077_631738_555939_539761_474499_477517_511875_451755_372894_341657_339692_329798_340721_394047_363842_292697_264135_239361_234771_236948_267619_258878_232559_207009_193173_185516_189192_223825_212578_179230_171775_161625_160677_166750_176123_170273_154439_141128_139441_135294_132441_134583_126118_115955_144605_142306_116815_113781_119561_117647_114063_115070_113510_125484_147692_158244_151645_131307_114496_105740_107927_108582_120545_116058_102183_96825_98766_93190_97228_115666_118388_108111_101361_98892_101063_113703_399646_238913_145736_113526_99767_98433_103372_109001_99768_105975_106182_91511_83009_89949_88888_76566_68153_66234_61004_60081_65670_74806_67584_62782_63793_59233_62606_75430_81668_69171_60057_57190_51709_51779_60776_66116_55904_44064_41950_39057_38675_46328_52479_52461_44244_36807_36503_34875_42787_46324_37622_31981_30163_31184_32507_36416_37357_32006_28514_26952_26146_28105_31325_33989_28152_24956_24517_24101_25542_30079_31325_25331_23212_22868_23046_24657_26677_28531_25489_24514_23176_22820_22885_25438_27765_25669_23043_21085_21360_22277_23057_25522_23354_22074_20823_20737_21036_23064_24234_22748_21112_19673_18553_19012_20756_22953_21093_20017_18627_17835_18607_22327_22406_22296_24434_26960_24723_24263_30072_32414_27099_23356_22378_21708_21053_22905_25723_22476_19712_19738_19831_20541_22383_24533_20719_21984_19670_18842_17906_19875_22408_20861_18194_19198_17444_16681_19275_21539_19734_19746_20940_19749_18748_19864_21706_21580_19287_21792_30423_30495_28990_30099_27604_25827
frwiki,2019,France,8429372,sovereign state with mainland in Europe and several overseas territories,جمهورية في غرب أوروبا وتضم بعض الأقاليم والمناطق فيما وراء البحار,souveräner Staat mit Festland in Europa und mehreren überseeischen Territorien,país de Europa,pays transcontinental dont le territoire métropolitain est situé en Europe occidentale,государство в Западной Европе,西歐國家，並同時擁有多個海外領土,File:Mapadefrancia.svg,https://commons.wikimedia.org/wiki/File:Mapadefrancia.svg,https://upload.wikimedia.org/wikipedia/commons/6/67/Mapadefrancia.svg,Monsieur Fou,CC BY-SA 4.0,https://creativecommons.org/licenses/by-sa/4.0,23222_23985_23280_23225_23465_20718_16694_16833_19285_16205_16182_15902_17162_16570_17413_16746_16273_16007_16179_17307_16815_16628_16485_16464_16047_16932_17270_16636_16546_17100_22795_30460_30518_31317_30753_32932_33304_30441_30129_29834_31293_30580_30331_30106_29808_29506_29572_30519_30335_30343_30325_30490_30065_29928_30748_30231_30137_30455_30156_30262_30051_30959_30961_30358_30329_29971_32857_31140_31558_27081_24060_23497_23394_24390_18075_15057_16044_16727_16373_17240_18012_15857_17242_18396_17281_17012_16027_15619_15229_16216_16041_16436_17076_16417_15674_15268_16405_23045_23174_23185_22506_23387_22182_23269_23486_23913_23170_22360_22159_21651_23879_24024_23464_23461_23167_22805_22904_23482_23217_22876_26101_23252_22963_22537_23635_22710_22678_23367_22637_22684_23154_24163_23332_22807_22366_22989_22894_22791_23821_23535_23309_28686_28473_22478_20351_24245_23268_23125_22197_22397_21548_21331_23135_24517_22631_22564_22691_23132_21991_23057_23237_23521_23095_22395_22683_22229_22459_22921_22210_21856_21866_24535_21726_23066_22487_21716_22175_21254_22095_21773_22078_21711_21453_21641_21495_21187_21437_22357_21906_22086_21231_21684_21575_21723_23437_21821_21823_21705_21861_22642_22269_22975_21964_22073_22355_23007_21895_25052_23853_23848_22794_22286_22618_22116_22397_23763_22778_22939_22754_22830_22839_22455_23164_23220_22806_22877_23613_22808_23363_23878_23725_23145_23477_23288_24160_23506_23530_23313_23397_22984_22755_22106_21876_22359_21566_21530_22496_22102_17563_21057_22455_22199_22551_22409_22197_21978_22224_22891_22248_22029_22401_22311_22341_22472_23935_22539_22981_23079_23792_22522_23087_23918_23737_23311_22838_22438_22080_22734_23861_26031_22820_23421_23499_23472_23185_24420_24031_23165_23428_23114_22492_22914_24153_23231_23084_23300_22790_22629_22570_23595_23159_23043_22971_22804_23950_24571_24979_23868_23772_23839_23636_23444_23289_24535_25781_25408_26393_24557_23372_25951_25407_24061_23440_23320_23210_23324_23266_24172_23510_23292_23771_28293_22736_25852_26091_25838_26932_25277_25199_25411_26099_27286_25873_26321_27740_24811_25022_26453_24428_23746_22688_22408_21833_21859_21826_22279_21563_22104_22118_22016_22619_22528_23042_22462_22059
eswiki,2019,Lali_Espósito,10564235,"Argentinian actress, singer, dancer and model",ممثلة ومغنية وراقصة وعارضة أزياء أرجنتينية,"Argentinische Schauspielerin, Sängerin, Tänzerin und Model","actriz, cantante y bailarina argentina",actrice et chanteuse argentine,"Аргентинская актриса, певица, танцовщица и модель",阿根廷女演員，歌手，舞蹈演員和模特兒,File:Lali_2018.png,https://commons.wikimedia.org/wiki/File:Lali_2018.png,https://upload.wikimedia.org/wikipedia/commons/8/81/Lali_2018.png,Fernando Radl,CC BY 3.0,https://creativecommons.org/licenses/by/3.0,9009_6043_25096_3870_8903_6192_938_5271_3335_1980_2725_2820_2205_1050_21494_1555_4296_3063_2650_2590_6383_7105_9270_2810_7434_3496_1672_1108_988_4140_4778_13204_5198_4345_1530_1548_1387_1275_1275_1153_1759_4093_3965_6918_10705_7286_5280_4890_33131_9348_23014_20998_22709_5900_10244_21865_23357_35221_49753_37941_30362_18038_14324_25581_28235_24121_15357_6556_6695_19073_5987_4907_17388_16905_2805_54122_19739_33521_19398_9691_64332_86214_67781_56558_60511_66164_37411_65746_102223_55372_113066_32752_80537_63201_66087_80935_45073_34675_42052_46125_54190_92892_45209_21849_43045_67782_58099_64701_2398_42600_17344_21601_118683_104399_119757_33736_53742_12720_60609_37980_14676_28166_36291_54773_13608_42444_62518_41382_40952_44492_26835_5761_34127_39448_27510_17050_43340_7665_12690_2776_3094_10361_2208_1570_34754_32667_14715_15803_31932_18583_7763_10687_10823_18112_12131_8926_20613_10131_6942_10328_7469_16097_10797_50894_13471_7911_11393_3247_2709_2623_2505_10507_10406_8620_5154_9758_6159_6429_12889_8923_15913_9451_18363_7135_13196_29427_4992_8333_12673_6518_20832_6197_14056_29133_35715_32217_9843_10120_23426_31628_13921_899_35549_56946_68938_28734_31928_23925_12936_40641_85018_139574_165304_149853_129369_150936_141265_90243_107401_143410_154016_109530_82189_83103_73277_77690_49980_39120_20928_14913_26252_55149_31894_15980_18370_7402_10039_69413_42624_30667_12660_65221_987_2195_60119_20650_76365_48155_5738_8880_4933_35209_40301_39289_19301_11248_1054_24131_32657_50054_36444_21006_6828_1376_858_35878_771_49639_28298_46261_20948_26612_50706_1565_29145_20482_10775_19478_4170_12727_12602_16025_33844_36520_14284_29500_19283_14906_55719_28882_27523_3504_6846_26908_17281_19826_27041_10402_13450_28486_27083_44908_20717_3896_30265_30773_38433_7424_10864_28507_39376_32355_33674_18087_35063_45287_68437_39045_15822_893_811_6732_12283_31044_34646_892_836_12276_62040_61559_50757_16209_21519_4023_55561_43061_26763_15365_31100_19479_15444_51946_31005_1469_12014_3460_47434_30095_1857_39614_76481_72982_15363_29339_35951_27452_73944_29269_6069_4315_32687_8766_1039_62438_48372
zhwiki,2019,六四事件,4397085,pro-democracy movement in PR China in 1989,الحركة المؤيدة للديمقراطية في جمهورية الصين الشعبية عام 1989,pro-demokratische Bewegung in der VR China 1989,Manifestaciones de 1989 a favor de la democracia efectuadas en China,événement politique en Chine,продемократическое движение в КНР в 1989 г.,1989年6月4日的中國民主運動，於中國北京市天安門廣場的反抗議武裝鎮壓,,,,,,,4996_5424_5687_5710_5878_5685_5619_5653_5388_5371_5430_5000_4752_4945_4776_4813_5254_5183_4692_4417_4892_4902_5341_6232_5459_4960_4802_6038_5399_5292_5458_4690_4387_4182_3265_4003_4570_4698_5614_6723_5842_5424_5828_5505_5405_5493_5362_5127_5510_5508_5350_5977_5863_7430_6909_7641_6785_6360_6469_5936_5298_5013_5407_6004_5587_5848_8466_5463_5097_5300_5734_5557_5800_6921_5598_5411_5535_5460_5951_6127_6459_5467_5170_5611_5813_6141_6056_6281_5415_6856_5990_6426_6547_7340_6391_6329_7515_7213_7300_7635_8120_9826_8950_8069_9747_9881_8692_18851_18865_12671_11207_11818_10487_9451_9332_9285_9047_10124_9588_10056_8428_8853_9145_10168_9000_9582_8480_8667_8478_8264_8173_7867_8890_9555_9815_12179_9977_8441_8503_10321_10736_10731_10446_10947_9586_11274_14192_16910_48974_74063_51810_49197_60931_238741_336869_139107_66129_36852_26450_29170_29586_25315_39162_37069_24087_19468_19364_20713_14348_13051_11909_11376_10744_10747_9617_8853_8803_8617_7679_7779_7532_9779_10632_9374_9378_8876_7960_7989_7840_8451_8079_9751_8111_7434_7438_8933_10168_9993_8581_8460_7676_9038_13231_28827_26432_19410_15563_18843_16535_17555_15813_15480_14435_13254_12604_12995_18592_18615_15841_14277_12976_11379_12731_24697_30181_39256_32233_28674_22700_20063_19601_15105_13060_13075_11322_10703_11541_12143_11104_10627_10859_11030_10335_10261_10205_10201_9976_8718_7619_7539_7251_7336_7533_7544_7474_7523_6946_6586_6404_6405_7061_7099_8878_6863_6583_6278_6145_5974_6278_6346_5922_6793_8052_15738_12009_10467_12766_14424_12596_11779_12203_11384_10412_9428_9224_8248_8256_7891_8007_7984_7785_7173_6652_7352_8037_7614_7031_6616_5398_5222_5945_5372_5490_5462_5222_4772_4801_5264_5662_5705_6325_6316_5664_4909_8225_15036_20912_16858_13319_11359_15410_22529_17903_12675_11400_10255_8961_7912_8599_8015_7191_7958_7065_6385_5606_6130_6088_5740_5965_5837_5680_5376_5335_5396_5038_4922_5320_4756_4713_4690_4931_5094_5063_4578_4230_3890_4461_4169_4642_4644_4664_4530_4172_4265_4534
arwiki,2019,يوتيوب,1559175,video-sharing service owned by Google,خدمة مشاركة الفيديو التي تمتلكها جوجل,"Dienst von Google, um Videos zu teilen",servicio para compartir videos propiedad de Google,service de partage de vidéos détenu par Google,"сервис обмена видео, принадлежащий Google",視頻/影片共享服務是由Google持有,File:YouTube_Logo_2017.svg,https://commons.wikimedia.org/wiki/File:YouTube_Logo_2017.svg,https://upload.wikimedia.org/wikipedia/commons/b/b8/YouTube_Logo_2017.svg,YouTube,Public domain,,5034_4955_5230_5179_4955_4943_4996_5024_5115_5319_4976_4743_4663_4637_4497_4783_4852_4807_4872_4674_4375_4298_4274_4592_4797_5048_4909_5143_5065_5290_4744_4965_4828_5127_5047_5189_4893_5053_5163_5042_4550_4854_4492_4546_5024_5008_4847_4619_4623_4704_4557_4813_5120_4768_4642_4624_4676_5123_5705_5869_5214_4972_4882_5045_5116_5621_11665_5002_4672_5042_5388_5508_4663_4547_4540_4474_4195_4038_4257_4327_4490_4391_4720_4601_4335_4105_4455_4571_4512_4178_3991_3776_3768_4476_4606_4721_3966_3964_3904_3765_4386_3647_3640_3770_3756_3764_3857_4046_3970_4063_3904_4137_3950_3932_4063_3911_3948_3799_3763_4058_3911_3387_3513_3665_3452_3029_3448_3326_3546_3943_4033_4215_3762_4602_3922_3818_3942_4207_4272_4338_4171_4094_4050_4035_4376_4066_3900_3906_3926_4147_4058_4006_4170_4502_4960_5006_5269_4851_4768_4871_4840_4644_4404_4270_4225_4384_5082_4146_4013_3944_4818_4226_3931_4000_4150_4230_4287_4000_4330_4612_4638_4694_4462_4587_4455_4132_4289_4312_7796_4449_4661_4019_3986_4067_3818_3678_3781_3899_4072_3890_3659_3806_3838_3915_4060_4482_4262_3769_3907_3908_3993_4068_3867_3987_3909_3740_3768_3892_3768_4227_4143_3385_3465_3829_3890_3855_3903_3852_3881_4000_3723_3804_3714_3615_3808_4116_4301_4767_5058_4865_4621_4489_4297_4213_4480_4674_5135_4804_3742_4088_4566_4441_4585_4576_4149_4265_4170_3845_3814_4089_3632_4105_4338_4517_4188_4839_3874_3828_4397_4834_4200_4153_4182_3978_3871_3645_3716_3544_3584_3494_3641_3759_3795_4480_3869_3683_3717_3754_3852_4085_4198_3872_3635_3694_3799_3819_3779_4286_4079_3817_3967_3683_3711_3833_4028_4142_3909_3967_3752_3508_3927_3546_3942_3642_6517_9103_10278_5765_3823_3829_3753_3811_3757_3642_3687_3535_3603_3771_3272_3167_3220_3467_3375_3450_3169_3184_3335_3258_3658_3677_3514_3422_3315_3290_3530_3702_3873_3926_3620_4330_3690_3690_3933_3884_3865_3559_3605_3695_3869_3907_4139_4064_4127_4057_3761
dewiki,2019,Nekrolog_2019,6445208,Wikipedia list article about people who died in 2019,قائمة ويكيبيديا للأشخاص الذين توفوا في عام 2019,"Wikipedia-Listenartikel über Menschen, die im Jahr 2019 gestorben sind",Lista de Wikipedia sobre personas que murieron en 2019,page de liste de Wikimedia,"статья-список в проекте Викимедиа о людях, умерших в 2019 году",維基百科有關2019年死亡者的列表文章,,,,,,,14989_19345_19999_16829_14161_14138_20338_19717_17446_17511_19083_14516_14741_20748_19024_19236_17632_17032_12891_14071_21873_19161_18806_17947_18400_14017_13831_21491_19100_17070_17976_17350_12815_13528_22821_19908_20977_21097_25423_16140_16703_30964_24116_20597_18052_17184_14706_16187_25942_24072_18763_20276_20024_14252_15047_23204_23329_18909_22063_19018_14307_15424_23338_24076_24221_20859_19467_16529_15657_24859_22375_20026_20722_19527_14639_14995_23201_19380_20505_6475_24073_15440_14029_21608_19294_19612_18836_17418_13070_13227_23603_19756_19998_19567_16530_11812_12613_21597_18482_17415_16324_14805_12346_13203_18554_16401_15586_17599_13236_12055_12684_16203_29786_22068_24710_21668_14343_16190_26536_21519_14547_20505_19943_13001_13314_19962_18261_18776_19176_16427_12599_13894_21601_20974_21484_18929_18277_12325_13375_21973_21368_21935_18847_16423_11895_12750_19917_17440_17759_13415_16137_12402_13455_19673_17993_17174_16472_14994_11835_12371_14127_20843_20906_20870_17424_12805_13476_22037_18162_15692_15373_16726_13248_13457_20170_18324_17361_19712_17223_13267_18919_23163_25288_23131_18987_18439_14994_17770_22814_22422_21905_19573_17783_14811_14835_22823_20555_18684_17719_16033_12686_13709_23715_20374_19583_18486_17582_14729_15411_22222_20613_19343_17715_16755_12900_13748_20424_21670_17300_16799_15070_12938_12898_18484_18229_17196_17419_19222_14516_15199_23374_19365_16970_18367_17025_12335_13270_21781_18328_17334_21879_18081_14851_15549_20522_19534_18351_16878_15338_13505_14447_21158_18274_17271_16729_14751_11650_12227_20567_17406_18790_17735_16117_12010_15181_21025_18488_17516_17371_14885_12461_12345_19535_18188_18000_16938_17015_12287_13711_23058_18723_19858_18135_16964_14202_14287_22316_19749_19787_19976_17609_14775_14497_22453_19197_20016_17663_16259_12809_14688_20287_19366_18588_15461_14736_12584_15405_21621_17394_18362_16893_16498_12089_13239_19082_19039_19270_17804_16044_12430_13463_19456_17475_17831_20204_18412_12608_14313_21876_17619_18126_17766_16151_12054_14212_20567_18545_17895_16066_15828_14323_15632_23300_24190_20169_20947_18553_15538_14616_20482_17757_17052_16911_15485_13489_15241_17068_12218_13771_15713_18705_15979_16058_21133_17135
ruwiki,2020,Пандемия_COVID-19,14045762,"ongoing pandemic of COVID-19, caused by the virus SARS-CoV-2",جائحة كوفيد-19 الحالية، الناجمة عن فيروس كورونا 2 المرتبط بالمتلازمة التنفسية الحادة الشديدة,"laufende Pandemie von COVID-19, verursacht durch das Virus SARS-CoV-2",pandemia en curso del COVID-19 causada por el virus SARS-CoV-2,épisode viral ayant débuté à Wuhan en Chine en 2019,Продолжающаяся пандемия коронавирусной инфекции 2019 года (COVID-19),始發現於中國武漢的病毒爆發事件， SARS-CoV-2病毒引起的COVID-19持續大流行,File:COVID-19_Nurse_(cropped).jpg,https://commons.wikimedia.org/wiki/File:COVID-19_Nurse_(cropped).jpg,https://upload.wikimedia.org/wikipedia/commons/d/d3/COVID-19_Nurse_%28cropped%29.jpg,US Navy Mass Communication Specialist 2nd Class Sara Eshleman,Public domain,,0_0_0_0_0_0_0_0_0_0_0_0_0_0_0_0_0_0_0_0_0_0_2322_28241_47163_61949_76180_85550_82355_84264_99861_78895_70437_73602_71393_64703_60449_59792_50093_47117_50901_44957_37906_44889_41164_33678_31842_39883_36353_42955_47398_42471_42064_58304_76370_82427_91935_108456_132322_101800_105087_126783_129618_112102_100137_93914_85313_82917_104230_127894_160535_257269_263314_232750_243764_317972_331324_311459_307104_275206_260304_269424_261936_246481_263458_283916_295460_270929_285563_285161_259330_220848_224936_177101_153051_142394_133902_118120_110604_101264_98206_92889_95458_94670_89765_87182_78297_75325_67326_64930_64358_59541_57275_52777_51193_47394_50306_53864_50315_45510_43674_40125_42757_43004_43656_38290_37996_36868_32589_29812_32031_38677_40326_33499_29232_27921_24222_25391_26583_25583_24224_23408_21833_19351_19893_20964_20106_18998_18775_18063_15808_15906_16958_16566_16337_15752_14580_12125_12936_14801_13733_12821_12632_11810_11381_11786_13279_12707_12823_12739_12275_10549_10181_11475_10552_9909_10737_10673_9499_9990_10914_10415_9776_10851_9999_9331_10630_11137_10806_10373_10641_9601_8464_9401_10940_9569_8739_8107_7869_6997_7348_7589_7066_7077_7116_6654_6040_6481_7426_7025_7064_6577_6106_5958_6081_6560_6180_6137_5960_5939_5065_5396_5432_5661_5353_5332_5024_4389_4928_4999_5072_4933_4942_4888_4476_4750_4911_5012_5070_4851_5021_4543_4696_5804_5824_5494_5264_5157_4564_4806_5460_5119_4952_5626_5166_4270_4684_5587_5178_5103_5120_4919_4108_4469_5072_4811_4914_5194_5270_4468_4803_5485_5614_4943_5059_5105_4626_5257_5733_5628_5511_5720_6048_5101_5590_6216_7337_6337_7210_8348_7441_6382_6841_6244_6083_6283_6028_5632_5545_6059_6246_6557_6596_6126_5746_6058_6342_5925_5878_6546_6331_5795_5729_6102_5783_5754_6008_5520_5252_5495_7987_23199_8924_6496
enwiki,2020,COVID-19_pandemic,81929961,"ongoing pandemic of COVID-19, caused by the virus SARS-CoV-2",جائحة كوفيد-19 الحالية، الناجمة عن فيروس كورونا 2 المرتبط بالمتلازمة التنفسية الحادة الشديدة,"laufende Pandemie von COVID-19, verursacht durch das Virus SARS-CoV-2",pandemia en curso del COVID-19 causada por el virus SARS-CoV-2,épisode viral ayant débuté à Wuhan en Chine en 2019,Продолжающаяся пандемия коронавирусной инфекции 2019 года (COVID-19),始發現於中國武漢的病毒爆發事件， SARS-CoV-2病毒引起的COVID-19持續大流行,File:COVID-19_Outbreak_World_Map_per_Capita.svg,https://commons.wikimedia.org/wiki/File:COVID-19_Outbreak_World_Map_per_Capita.svg,https://upload.wikimedia.org/wikipedia/commons/3/3b/COVID-19_Outbreak_World_Map_per_Capita.svg,"Raphaël Dunant, Gajmar (maintainer)",CC BY 4.0,https://creativecommons.org/licenses/by/4.0,0_0_0_0_312_476_871_952_1093_1382_1807_1740_2399_2986_2663_4502_4588_8610_8337_50055_102464_140833_231206_334768_383429_434862_464001_498793_424202_453691_511011_359552_363191_374166_350489_316163_299082_310954_287401_278142_302515_266863_241425_293013_231710_197642_196219_205169_191754_189439_188884_205150_230996_295734_389111_430297_473200_529438_540882_462228_461801_571467_569725_581299_598065_598867_531120_574038_742121_810573_1028902_1397622_1293298_1163443_1184871_1383744_1377331_1347678_1355340_1373796_1336786_1370463_1370158_1320083_1226784_1255483_1193534_1036831_1004729_975556_909141_884657_876319_806901_747095_723369_733958_676351_651604_603648_585309_562813_533578_546196_538413_514440_498291_488058_443201_436819_447295_423824_407814_403552_371009_350641_354407_375875_351289_335453_312429_289733_272914_282433_322491_314374_299825_281308_258203_243454_266905_270247_259621_264901_246576_229159_212921_219084_227702_217208_213096_209117_196100_186221_194039_201616_200665_184601_178420_167404_151374_154790_164258_158845_155930_155258_151982_139680_147188_160654_153432_146770_147908_141816_131903_133715_149110_145378_144530_138083_135295_130019_128220_150068_141650_141979_145392_143703_132466_138472_153319_147987_142282_141984_133663_121144_125310_148338_145444_131767_131156_121189_112317_128801_134885_128592_125545_116627_119647_106621_109694_115171_107207_110790_108417_95476_84236_85628_92666_85072_80731_81056_74537_69478_73194_78489_74409_72045_68492_67016_60067_65092_68952_67759_63694_61894_58244_52360_55677_59272_57146_56884_55664_53257_50787_54176_56820_56909_56989_56202_52527_48870_52071_59135_55394_51301_51379_47473_43553_48101_53339_52201_52152_55563_53199_47545_51459_57869_56454_56539_56392_52581_43615_48056_56529_55904_54552_53335_50552_46394_50786_56948_58600_48495_48262_55059_48895_49574_54878_51634_48769_49055_46369_42303_46508_49343_48368_47997_49037_45870_40946_44869_50269_48058_47551_47992_46790_44094_45774_50431_47364_49733_50232_47885_44827_46870_49296_43985_39007_42872_39635_37903_40148_46434_43514_44690_46322_44660_40325_43841_52415_67621_54191_48061
frwiki,2020,Pandémie_de_Covid-19,7728981,"ongoing pandemic of COVID-19, caused by the virus SARS-CoV-2",جائحة كوفيد-19 الحالية، الناجمة عن فيروس كورونا 2 المرتبط بالمتلازمة التنفسية الحادة الشديدة,"laufende Pandemie von COVID-19, verursacht durch das Virus SARS-CoV-2",pandemia en curso del COVID-19 causada por el virus SARS-CoV-2,épisode viral ayant débuté à Wuhan en Chine en 2019,Продолжающаяся пандемия коронавирусной инфекции 2019 года (COVID-19),始發現於中國武漢的病毒爆發事件， SARS-CoV-2病毒引起的COVID-19持續大流行,File:COVID-19_Outbreak_World_Map.svg,https://commons.wikimedia.org/wiki/File:COVID-19_Outbreak_World_Map.svg,https://upload.wikimedia.org/wikipedia/commons/2/26/COVID-19_Outbreak_World_Map.svg,"Pharexia (original author); Ratherous, AKS471883 (contributors); authors of File:BlankMap-World.svg (source file)",CC BY-SA 4.0,https://creativecommons.org/licenses/by-sa/4.0,0_0_0_0_0_0_0_0_0_0_0_0_0_0_0_0_0_0_40_972_4448_6168_11289_18279_32615_34716_34968_32663_32440_35142_35019_26879_24987_21745_19401_17955_17349_18497_18411_15496_16189_16559_15723_17989_13975_13436_12823_14356_14192_12567_12477_13387_17552_30783_42613_45504_46407_51094_63315_63368_66847_82952_73720_68334_73187_76453_67377_78508_84164_88768_111381_162774_178513_181993_201570_192847_171696_177024_186820_213403_190967_192081_161469_161165_136371_136978_139683_104966_99644_85031_80643_79290_78489_74327_67851_60031_58329_54707_50362_45901_43379_40987_39801_41236_36673_34992_34938_34871_31188_31112_31132_28873_27791_27342_26568_24258_24168_25898_27095_25046_22024_20776_20233_21427_22089_22245_20597_19003_18409_18666_19844_18859_17856_18093_17042_15890_14395_14606_16006_15152_14360_12996_12894_12370_12910_13713_13205_13048_14702_11651_9115_9662_11084_10684_10413_10754_9619_8167_8815_10498_10256_9771_9529_8978_7856_8265_9101_8571_8560_7830_7879_6786_7127_8304_7359_7171_7203_6293_6136_6001_6638_6793_6828_6920_5929_5778_6228_6736_6257_6233_6084_5675_4692_5545_6095_6142_5905_6047_5984_4928_5260_6112_5331_5552_5404_5596_4671_5015_5931_5414_5324_5170_4681_4313_4742_4932_4791_4728_4303_4315_3957_4235_4549_4883_4440_4401_4407_3861_4360_5144_4618_4728_4757_4712_4022_4053_4649_4502_4378_4568_4619_3930_4083_5141_4047_3999_4141_4148_3689_4188_4832_4412_4667_4587_4424_3874_4182_4723_4556_4271_4519_4403_4010_3997_4386_4241_4739_4836_4532_3760_4341_4876_4126_4074_4063_3872_3294_3998_4063_4115_3892_4146_3839_3571_4271_4784_4752_5147_4996_4505_3874_4364_4750_4616_4536_5658_5752_5388_6216_6781_7351_8570_6597_6378_6098_6264_6008_5390_5632_5318_4849_4836_5773_5429_5141_5439_5206_4713_5043_5232_5583_20911_10991_6787
eswiki,2020,Pandemia_de_COVID-19,11810605,"ongoing pandemic of COVID-19, caused by the virus SARS-CoV-2",جائحة كوفيد-19 الحالية، الناجمة عن فيروس كورونا 2 المرتبط بالمتلازمة التنفسية الحادة الشديدة,"laufende Pandemie von COVID-19, verursacht durch das Virus SARS-CoV-2",pandemia en curso del COVID-19 causada por el virus SARS-CoV-2,épisode viral ayant débuté à Wuhan en Chine en 2019,Продолжающаяся пандемия коронавирусной инфекции 2019 года (COVID-19),始發現於中國武漢的病毒爆發事件， SARS-CoV-2病毒引起的COVID-19持續大流行,File:COVID-19_Outbreak_World_Map.svg,https://commons.wikimedia.org/wiki/File:COVID-19_Outbreak_World_Map.svg,https://upload.wikimedia.org/wikipedia/commons/2/26/COVID-19_Outbreak_World_Map.svg,"Pharexia (original author); Ratherous, AKS471883 (contributors); authors of File:BlankMap-World.svg (source file)",CC BY-SA 4.0,https://creativecommons.org/licenses/by-sa/4.0,0_0_0_0_0_0_0_0_0_0_0_0_0_0_0_0_0_0_74_915_5383_11459_14677_15271_15937_15466_18148_22248_20162_22313_23762_23529_18981_14586_14424_13265_12263_12838_10912_10596_10873_11402_12321_11861_9836_8543_8968_12054_10762_10790_9858_8861_10277_21480_30674_50703_61057_56559_56382_38188_29830_60378_60168_57705_41033_40119_35939_36894_60226_93845_135153_156864_138052_110864_120750_136475_126440_156034_225580_216853_206353_195839_194082_207296_205454_175794_167313_145203_155403_166654_158618_158716_152613_128591_110988_105529_114656_102770_101044_95085_91421_88153_84699_94998_96722_99084_95103_90522_75535_70833_81995_81255_82014_83817_81313_61808_59712_68648_68022_62628_59103_52430_48515_46984_54602_54897_54817_52713_50626_42321_37162_48268_49498_50465_51299_46179_39766_39373_45363_46051_45608_44166_42016_35140_34149_39592_39919_39499_39617_37102_30694_30912_36690_38198_39137_38170_34909_27696_28453_32452_30894_29506_29046_27458_23937_25189_27655_28788_28466_27867_26222_22990_20899_25420_23550_23095_22712_22232_18997_19733_20195_20814_19791_20506_19829_17817_18186_19538_19628_18375_18081_18252_16374_16938_19414_18398_17279_17864_18223_16559_16920_17514_18218_18379_18481_18348_15796_16359_18463_18125_17486_17950_17494_15535_15609_17717_16538_16590_15994_15303_14449_15202_16174_16123_15683_16371_15448_12837_13674_14975_15221_14904_14795_13268_12047_12374_15847_17371_16801_17252_15893_12692_12463_16455_16510_15468_15223_15358_11554_12333_15799_15654_16203_14974_14660_11391_12024_14355_13742_13396_14212_13625_10919_11483_14609_14406_14879_15068_14542_12014_11891_14280_13802_14752_14912_15240_11850_12201_15739_15592_15637_14704_13684_10879_11122_13088_13549_13730_14172_13310_10503_10924_13543_14309_13720_14584_13308_10999_12426_14126_13570_14107_13663_12794_10140_10147_11776_12667_11661_12011_11438_9151_9156_12310_12283_12677_13203_12253_9172_9588_11549_14261_14585_12917
zhwiki,2020,2019冠状病毒病疫情,18123204,"ongoing pandemic of COVID-19, caused by the virus SARS-CoV-2",جائحة كوفيد-19 الحالية، الناجمة عن فيروس كورونا 2 المرتبط بالمتلازمة التنفسية الحادة الشديدة,"laufende Pandemie von COVID-19, verursacht durch das Virus SARS-CoV-2",pandemia en curso del COVID-19 causada por el virus SARS-CoV-2,épisode viral ayant débuté à Wuhan en Chine en 2019,Продолжающаяся пандемия коронавирусной инфекции 2019 года (COVID-19),始發現於中國武漢的病毒爆發事件， SARS-CoV-2病毒引起的COVID-19持續大流行,File:COVID-19_Outbreak_World_Map_per_Capita.svg,https://commons.wikimedia.org/wiki/File:COVID-19_Outbreak_World_Map_per_Capita.svg,https://upload.wikimedia.org/wikipedia/commons/3/3b/COVID-19_Outbreak_World_Map_per_Capita.svg,"Raphaël Dunant, Gajmar (maintainer)",CC BY 4.0,https://creativecommons.org/licenses/by/4.0,0_487_694_2428_3959_4683_5929_7581_7390_3910_4543_2932_4784_7015_6513_11248_13757_15466_28490_96139_175248_188578_245157_205209_239189_225381_189030_218563_206000_228475_227077_170191_179096_192590_203919_184358_209076_213864_177071_164205_180054_158218_148704_173030_142698_146929_149925_144349_132691_139015_156048_161036_174947_197281_218455_199355_194545_203827_193973_191571_186014_195311_185846_185247_187876_186120_180784_186964_198155_200254_195195_235006_221676_157507_144229_161129_164056_182777_166965_174889_159902_161185_155235_144529_141449_146009_158766_140578_129944_139774_127494_120034_124317_123545_121543_116445_117255_105701_100440_91640_83916_83951_79928_81128_77475_71874_71294_72981_65790_66659_67136_63982_57926_54503_51679_48712_48910_51246_47469_44717_41428_36828_35176_36602_38408_36709_35521_33681_31011_31148_30909_33411_34380_32230_31308_28997_27157_27427_28525_27522_25946_27357_24806_23584_23686_25167_24278_21777_20890_20049_19399_20127_22267_20410_20521_20160_19629_18287_19744_20710_20016_18693_18355_17148_18288_20149_21725_20753_19224_18377_17483_18292_17406_19552_18547_17470_14746_14567_16873_18214_16874_13218_14023_14197_13129_12868_14434_15960_17325_17738_16442_16040_13727_14186_15822_15032_14699_15292_17469_17357_17230_17591_17006_17497_16454_15622_14445_15148_17637_17624_16726_16948_15262_16222_16141_16301_15569_14702_14387_13282_12962_14693_15054_12826_13806_13137_12271_11213_12292_13080_12121_11496_12405_11616_11127_12478_11985_9969_9147_8491_8091_7344_7142_7655_7379_7286_7027_6252_5446_6177_6312_6591_6734_6511_6484_6193_6772_7349_6757_6996_6408_6443_5789_6168_6321_6195_6397_6273_5677_5356_5734_5869_5989_4952_4345_6941_5703_6125_6262_5836_5614_5583_5604_5494_6003_6487_6277_5453_5697_5277_5660_6169_6150_6151_5866_5820_5696_5448_5964_6139_5675_5851_6148_5570_5260_6059_5727_5326_4474_4385_4546_4530_4975_5669_5076_4966_5119_5098_4620_5151_5864_6039_6672_5789
arwiki,2020,قائمة الدول والتبعيات حسب عدد السكان,1613906,List of countries and dependencies by population,قائمة بالبلدان وأقاليم التبيعة حسب عدد السكان,Liste von Staaten und Territorien nach Einwohnerzahl,Países y territorios dependientes por población,Liste des pays par population,Список государств и зависимых территорий по населению,各国家和地区人口列表,File:Countries_and_Dependencies_by_Population_in_2014.svg,https://commons.wikimedia.org/wiki/File:Countries_and_Dependencies_by_Population_in_2014.svg,https://upload.wikimedia.org/wikipedia/commons/4/41/Countries_and_Dependencies_by_Population_in_2014.svg,Ali Zifan,CC0,http://creativecommons.org/publicdomain/zero/1.0/deed.en,2816_2296_2755_2827_2970_3329_3028_3313_2469_2532_2780_2412_2249_2232_2121_2209_2608_2504_2301_2162_2418_2371_2429_3832_5592_5444_4896_4930_5340_5491_7307_6947_7198_6866_5754_5087_4420_5362_4832_4130_4460_5390_5567_4431_4843_4560_4140_3660_3214_5432_5268_4358_4087_4108_4489_4784_5002_4955_5380_5119_4832_5288_5090_4811_4520_5426_4916_5105_4779_5036_5155_5493_7258_7815_8230_8272_8572_9288_10931_12757_12773_13767_13269_15240_17682_17646_21966_19640_16811_15607_15075_15620_17132_18234_17188_14552_12373_12219_12950_12059_14165_14997_13938_12557_12207_12320_11430_12652_11291_10125_9749_9005_7744_7170_6909_7117_6496_6809_6348_5265_4634_6074_3758_3552_3603_3867_3765_3490_3650_4188_3664_3222_3195_3214_3258_3633_4048_4944_4968_4689_4733_4401_4484_4404_5413_6521_6250_6038_5986_6287_5906_5520_5567_5586_5411_4961_5640_5588_5289_5341_4929_4824_5036_5161_5054_4807_4639_5516_5583_4930_5118_5166_4618_4314_4153_4286_3911_4087_4025_3807_3625_3662_3502_3568_3926_3863_3509_4267_3810_3653_3423_3622_3495_3432_3148_2908_3469_3360_4015_3662_3239_3329_3218_3054_3026_3583_3384_3036_2724_2712_2705_2595_2564_3622_3586_3433_3022_3158_2940_3136_2854_2933_2607_3338_3159_2902_3051_2656_2782_2731_2514_2578_2513_2819_2629_2709_2481_2467_2260_2360_2629_2466_2719_2475_2315_2546_2546_2831_3008_3044_2847_2720_2588_2501_2808_2917_2572_2572_2388_2849_2850_3186_3180_2717_2449_2491_2627_2681_3028_2665_2510_2769_2747_2760_2492_2783_2826_2549_2663_2792_2582_2646_2858_3345_3478_2973_3052_2735_3019_2904_2563_2646_2415_2612_2488_2473_2788_2951_3450_3433_3035_3233_3351_3918_3472_3515_3591_4272_5284_4825_5579_4637_4091_3416_3541_3030_2801_3270_3227_3389_3133_3148_3108_3012
dewiki,2020,COVID-19-Pandemie,8868468,"ongoing pandemic of COVID-19, caused by the virus SARS-CoV-2",جائحة كوفيد-19 الحالية، الناجمة عن فيروس كورونا 2 المرتبط بالمتلازمة التنفسية الحادة الشديدة,"laufende Pandemie von COVID-19, verursacht durch das Virus SARS-CoV-2",pandemia en curso del COVID-19 causada por el virus SARS-CoV-2,épisode viral ayant débuté à Wuhan en Chine en 2019,Продолжающаяся пандемия коронавирусной инфекции 2019 года (COVID-19),始發現於中國武漢的病毒爆發事件， SARS-CoV-2病毒引起的COVID-19持續大流行,File:COVID-19_Outbreak_World_Map_per_Capita.svg,https://commons.wikimedia.org/wiki/File:COVID-19_Outbreak_World_Map_per_Capita.svg,https://upload.wikimedia.org/wikipedia/commons/3/3b/COVID-19_Outbreak_World_Map_per_Capita.svg,"Raphaël Dunant, Gajmar (maintainer)",CC BY 4.0,https://creativecommons.org/licenses/by/4.0,0_0_0_0_0_0_0_0_0_0_0_0_0_0_0_0_0_0_0_0_0_0_0_0_1901_25255_35954_56280_44875_42196_50221_34003_41137_43754_37926_37787_40593_44348_31579_29220_35779_27085_27630_37988_26951_21610_26072_32219_28608_19664_17001_18416_26855_56917_74089_88655_121804_129161_127705_94785_89871_110894_101710_92324_97332_94457_67189_83883_112435_154969_174553_266367_296770_226805_244203_227589_216590_208425_188924_173498_170573_166811_139061_117831_107794_102291_94943_85020_86436_85963_73490_67073_64693_70648_60548_64241_58637_47353_43384_42429_35242_35733_36451_40461_39762_39795_35355_32454_28171_30532_33684_33313_29277_27117_24796_20634_22075_25971_26255_25505_21751_20872_18665_20860_24620_21677_19906_18024_15802_14056_16666_21049_18842_18002_16166_14610_12725_14503_15912_13774_12815_10822_11379_10815_12335_13922_12823_12639_11429_9914_7897_8770_8807_10634_10203_10420_9353_7406_8654_10827_9989_9098_8365_7608_6015_7941_9284_8914_8895_8385_8271_6582_6932_8811_7941_7645_7700_7150_5876_7084_8640_7634_7578_7578_6698_5412_6445_8231_7725_7446_6996_6308_5377_5945_7327_6922_6569_6379_6034_4835_5633_6453_6075_5927_5714_5712_5040_6088_7045_6568_6002_6046_5608_4797_5882_6694_6275_5830_5309_5181_4285_4980_5799_6010_5900_5876_5830_4542_5266_6362_6471_6170_6082_5298_4952_5731_6131_6076_5571_5601_4965_4505_5180_5763_5423_5316_4847_4389_4091_4456_5161_5086_5054_4934_4547_3900_4459_5596_5047_4882_4884_4510_3539_4300_5504_5433_5407_5311_5026_4344_4207_5315_5706_4821_4452_4572_4253_4839_6234_6354_5817_6684_6054_5203_5795_6932_6786_7979_9076_7747_6985_7375_9021_8927_8796_9829_8329_7387_8712_10014_9627_11284_10466_8663_7399_8904_8779_6823_5506_5643_5540_5023_5477_6699_6632_6366_6498_5918_5592_7052_7934_13037_8472_6904