wiki,year,pagetitle,pageviews,desc_en,desc_ar,desc_de,desc_es,desc_fr,desc_ru,desc_zh,file_name,image_page,image_file,artist,license,licenseurl,daily_views
ruwiki,2016,"Трамп,_Дональд",5576885,45th and current president of the United States,رجل أعمال أمريكي، ورئيس الولايات المتحدة الخامس والأربعون,45. Präsident der Vereinigten Staaten,45.° presidente de los Estados Unidos,président des États-Unis depuis 2017,"действующий, 45-й президент США. Бывший предприниматель и деятель культуры",第45任美國總統,File:Donald_Trump_official_portrait.jpg,https://commons.wikimedia.org/wiki/File:Donald_Trump_official_portrait.jpg,https://upload.wikimedia.org/wikipedia/commons/5/56/Donald_Trump_official_portrait.jpg,"Shealah Craighead
",Public domain,,2438_7994_12187_4752_3714_3131_3684_2932_2653_4045_2655_3298_4597_3497_4269_2846_3104_4336_4716_4376_3776_2867_2939_4586_2542_2752_3367_2703_3549_2630_3750_8502_9928_4011_4447_2787_2439_3704_2863_4662_11649_6101_3463_2889_7544_3226_4564_9471_4208_4012_4526_10476_7477_4071_11938_4206_4914_4582_8256_5121_6279_22176_10489_15767_7717_16736_8969_7182_9959_5563_7422_7376_7988_7017_5888_15778_9685_7085_4977_6640_5489_7076_7975_7823_7516_5386_9859_11747_4995_4192_3891_3370_3553_4890_3184_3324_3718_2920_2350_2564_2459_2520_2071_2129_2217_1760_1744_2163_1826_2409_6658_3170_2296_1671_4722_3331_2496_9707_4803_3644_3026_5020_5418_5187_19042_12455_6029_5735_5398_3485_3732_4199_3476_3686_3586_4438_3707_3374_7884_3907_2915_3099_2857_2460_2529_3237_5087_3611_2986_2888_3362_2364_2796_2430_5844_2619_3327_2767_4005_6800_3604_3935_2912_3763_5145_5520_5573_4064_3623_2783_6427_3523_3964_3412_3089_3689_2693_2731_2744_1961_1768_2009_1730_1429_1880_1913_1846_2479_2470_2334_2089_1766_1820_2248_2129_2219_2423_2597_1987_2957_19556_15645_11305_18261_6064_9933_7225_7541_12052_13873_10395_6270_11459_23601_15988_8626_6149_5449_3939_4562_5745_4899_3959_4851_3586_2812_2958_3121_3904_3442_2807_4169_3169_3454_3303_4800_3612_2983_3343_2324_3063_3920_3160_2841_2859_3843_4217_4322_3731_4940_4234_6790_3780_3589_11547_19985_10599_9885_9579_9453_9745_6504_5292_4316_7568_5295_4278_5203_6469_7179_20651_8728_6103_4837_5287_9179_5651_4978_6038_5490_4329_5828_10709_15504_8346_6695_7472_6566_5852_8754_5985_8295_6636_12774_7991_7484_10130_7458_7094_8123_7482_7017_8145_8626_9554_12240_12466_13187_16596_16109_21756_27682_72231_1465761_580590_282963_189032_160369_134939_85071_64169_58513_42996_49299_44592_32543_28602_22955_22286_15992_17210_21017_15396_12230_12275_10302_11921_11148_11891_9228_9060_11494_11009_10731_11541_11097_9457_11788_9620_9265_9018_9986_10775_11921_14083_10076_8559_12536_9362_8114_7879_7879_8497_10102_11133_12187
enwiki,2016,Donald_Trump,76031918,45th and current president of the United States,رجل أعمال أمريكي، ورئيس الولايات المتحدة الخامس والأربعون,45. Präsident der Vereinigten Staaten,45.° presidente de los Estados Unidos,président des États-Unis depuis 2017,"действующий, 45-й президент США. Бывший предприниматель и деятель культуры",第45任美國總統,File:Donald_Trump_official_portrait.jpg,https://commons.wikimedia.org/wiki/File:Donald_Trump_official_portrait.jpg,https://upload.wikimedia.org/wikipedia/commons/5/56/Donald_Trump_official_portrait.jpg,"Shealah Craighead
",Public domain,,49319_49705_59936_52181_57707_63668_73783_58730_51790_60737_55970_58585_62678_72196_124329_77149_66781_87274_81726_93757_78926_67419_65722_76281_79032_103344_111353_107896_116904_79182_92047_142416_1126257_923465_377177_212087_134188_218751_199101_152293_323030_263117_208048_136674_165298_112972_77383_120530_177644_204013_134136_304797_353204_161589_279299_239255_375076_235640_257860_302397_409511_549599_498636_2368814_4034771_2989680_2091519_827165_675295_572772_477360_404631_417722_369946_369292_460921_303007_264485_215619_209466_218749_249108_236393_200596_196815_158862_158235_207236_183641_205133_173716_147965_112574_132345_142678_183689_152347_132101_111613_91470_108421_117840_127233_190818_108446_61201_48627_64481_73327_102534_163511_109991_84092_70616_73669_89044_95517_148473_108336_93945_76370_83480_80330_74420_288977_185389_134439_98271_97176_96106_93191_89183_86604_82185_72334_75553_92947_88863_94484_70391_61746_51556_53962_55265_54925_58772_83471_73885_60000_55876_56429_55818_61229_58852_60083_55721_56325_61787_76427_104835_75229_68824_60401_64239_72570_125660_120262_90504_73572_59602_61193_66146_77359_74625_70306_85591_67574_60845_56921_60716_52798_52216_48432_42633_43886_69283_78879_67409_55931_46328_39385_40818_43431_43555_50253_62046_82770_74965_72793_121604_656938_610551_444197_692081_196995_145639_128684_130287_140276_175940_175544_115937_110872_133360_140966_124417_115212_103382_77986_70752_72966_65062_65016_63472_59561_52039_50781_54158_53181_57613_59945_63924_53057_49781_72719_121364_105281_92777_70241_61057_74354_105683_79898_67695_73618_71431_53901_52149_59833_75268_62617_75375_66677_55538_92872_127382_92830_99030_113195_92413_70189_61443_62372_68582_68717_69498_60172_50856_61220_98457_455960_191085_147278_128288_122136_160027_149034_127804_116930_98514_103625_223166_249923_483248_250395_195978_210832_267569_290713_288101_308444_304740_371432_473220_240983_151674_149127_143833_127655_135929_147373_110416_81915_96212_110537_118342_143083_164792_169976_150577_200110_272393_527751_6125896_2674904_1547745_1009451_736074_801404_511348_405007_319074_271002_252470_240093_237567_200803_170477_151432_129917_115301_116033_110044_103592_106494_99964_98429_81037_83034_88142_87620_94156_87867_77264_79874_80181_78501_83050_79933_81441_77214_69930_72996_82394_94720_70964_75324_77753_71754_73711_66639_66421_64393_66721_63747_63606
frwiki,2016,Organisme_de_placement_collectif_en_valeurs_mobilières,36622226,type of business entity,,,,,,,File:Help_books.svg,https://commons.wikimedia.org/wiki/File:Help_books.svg,https://upload.wikimedia.org/wikipedia/commons/5/53/Help_books.svg,AJ from openclipart.org,CC0,http://creativecommons.org/publicdomain/zero/1.0/deed.en,97_100_138_202_210_193_204_175_109_123_173_190_208_196_148_69_127_195_198_219_165_147_88_103_217_192_190_218_152_101_126_231_215_191_182_163_109_94_166_185_197_184_150_98_99_197_181_171_217_164_76_112_193_168_170_182_124_79_97_200_189_186_188_154_101_142_199_191_195_188_144_81_97_172_168_184_173_136_73_78_192_152_203_200_135_135_90_111_154_149_186_126_83_90_177_183_172_172_151_96_110_189_158_196_1982400_3379549_3201139_3414466_3374757_3380518_3352209_3361848_3362481_3401797_3403486_949571_288_254_182_168_104_132_174_187_159_121_110_92_135_200_262_190_177_136_96_82_142_185_177_178_139_84_127_153_191_165_159_158_82_154_174_208_163_171_140_81_76_159_149_181_198_121_72_73_179_168_188_162_141_64_81_137_149_158_211_191_99_105_194_203_160_174_141_79_103_172_135_127_110_94_49_51_123_162_117_67_80_44_56_111_122_115_113_100_57_45_97_117_117_104_80_44_48_79_111_86_80_87_43_54_94_99_118_88_67_44_38_30_94_88_95_76_36_35_97_110_112_109_116_82_66_108_95_111_97_94_45_64_142_113_137_118_95_41_57_122_120_113_96_88_62_83_145_149_134_143_102_81_120_204_214_274_271_243_121_160_224_227_259_238_242_147_181_322_280_320_293_272_157_163_331_322_323_284_223_139_158_275_311_288_328_193_125_184_263_215_320_332_247_188_225_299_316_300_367_184_171_215_345_342_339_301_235_177_229_302_288_311_300_236_154_211_320_309_345_274_287_154_173_291_310_328_278_264_153_182_292_346_352_251_198_111_173_204_272_230_218_194_104_121_196_186_244_254_179_125
eswiki,2016,Lali_Espósito,26154441,"Argentinian actress, singer, dancer and model",ممثلة أرجنتينية,"argentinische Sängerin, Schauspielerin und Model","actriz, cantante y bailarina argentina",actrice et chanteuse argentine,,,File:Lali_2018.png,https://commons.wikimedia.org/wiki/File:Lali_2018.png,https://upload.wikimedia.org/wikipedia/commons/8/81/Lali_2018.png,Fernando Radl,CC BY 3.0,https://creativecommons.org/licenses/by/3.0,2426_2531_2303_2662_2693_2661_2779_3284_2555_2248_2352_2630_2847_3191_3904_2372_2581_2863_6122_3545_3186_2683_2081_1903_2369_2222_2224_2079_2143_1765_1788_2029_1898_2136_1919_2072_2946_1800_2551_2210_1970_1890_1959_1880_2011_2512_2160_2058_1920_1802_1587_1656_4470_2207_2146_1908_1989_1672_1629_1813_1871_1731_1654_1718_1442_1499_1675_1752_1856_2160_1864_3387_2162_1866_1747_1739_1590_1477_1616_1788_1631_1763_1588_1950_1797_1528_1690_3981_2734_1903_1750_1545_1458_1643_2025_1609_1484_1575_1356_1234_1965_1651_1648_1585_1528_1464_1402_2036_1602_1460_1445_1446_1534_1263_1345_1599_1528_1475_1361_1264_1153_1287_1523_1223_1204_1325_1148_1100_1121_1139_1346_1401_1200_1076_1025_1171_3186_1816_1581_1373_1514_1851_2677_1890_2201_1722_1592_1266_1231_1589_1511_4569_1677_1619_1146_1229_1306_1562_1519_1310_1556_1779_1140_1259_1603_1406_1490_1518_1691_1130_1165_1809_1700_1614_1797_1417_1118_1176_1226_1269_1143_1550_958_1137_1511_1345_1189_1075_5566_2775_5838_4281_1674_4637_2059_1936_1925_17769_13928_15106_20683_11989_17185_8500_8872_14266_23640_39694_35259_47158_52119_29945_51169_38097_47016_33708_29100_41860_76236_59331_52382_44594_68728_55474_50374_119892_129522_67769_93472_69023_66050_86215_117502_83905_57912_172275_154205_104731_75525_106243_126658_192793_213349_160070_214787_133127_145812_242878_305386_154613_193051_127508_118024_133599_167686_173252_112404_196279_270378_192774_289431_219732_279645_301836_263573_150743_287794_190236_245428_233401_280882_262828_186446_174997_363607_338265_304823_345399_215415_104255_214618_146490_354610_182934_241134_234183_243152_179958_208751_309350_319615_333831_270747_282956_281799_265424_253732_212262_188337_241809_381564_323739_279609_318367_274222_178601_179655_144099_124466_291155_261173_140778_148747_154657_187837_193294_163411_138407_141115_106789_185039_127318_128054_117815_130452_189743_132529_126131_121588_122095_106828_91306_111058_90883_140092_141535_197179_194195_135453_123260_227163_155855_198981_133453_124364_106367_165207_116015_140878_135112_161435_161454_123659_110260_126441_122134_102499_47176_38367_26519_51895_44209_50640_49774_96081_27914
zhwiki,2016,Running_Man,6697490,South Korean variety show,,südkoreanische Fernsehserie,uno de los tres espectáculos de SBS Good Sunday,émission de variété sud-coréenne,,韓國綜藝節目,File:TV-icon-current.svg,https://commons.wikimedia.org/wiki/File:TV-icon-current.svg,https://upload.wikimedia.org/wikipedia/commons/6/6e/TV-icon-current.svg,Me,CC-BY-SA-3.0,http://creativecommons.org/licenses/by-sa/3.0/,22008_26643_34496_29535_21087_19207_17915_18734_24249_31210_30910_21325_18829_17820_17632_20804_30115_27871_20823_19701_19265_18797_23431_27714_28661_20916_18620_19361_20568_23281_26847_28528_20874_18834_18148_18654_18934_22334_27416_21700_21778_22360_22594_24978_30086_30097_21244_17964_18042_16652_22148_30427_28189_20516_18105_17088_17452_25080_29432_30000_18874_17306_16847_17350_23505_29815_27664_20265_18105_16868_16772_22119_29919_27507_21044_18387_17907_18268_24146_31424_30806_22961_20799_18396_19877_22023_31609_32908_24823_21036_19718_18727_23556_30414_35919_29053_20536_17944_18180_24353_36364_31525_21176_19860_17135_17939_25370_34863_34476_22742_21800_20076_20457_25655_36128_33180_24041_20632_19830_19361_25883_38284_39197_25072_20335_19282_24269_24012_28584_32613_23328_18315_16512_17932_24375_31344_29900_21905_18864_17950_19013_23462_31969_29116_24431_20382_18188_17935_23061_28943_26336_19810_17647_17889_17275_20016_31254_30566_20982_19070_22779_21324_22859_31465_32270_23053_20567_18230_18808_21402_29425_32550_22271_19120_18162_17395_20764_26251_26858_20206_18133_18194_18899_20059_26965_29456_22394_19868_20127_23768_21860_28500_30831_21764_17774_17485_16698_17809_24120_26927_18074_16077_15271_15076_16152_23723_26506_16736_14697_13590_13040_15589_21713_24648_15911_12914_11864_11438_12870_17000_20110_12477_11297_10116_11472_12452_16298_19443_13179_12031_10571_11162_12237_16968_20601_14194_12416_11445_11481_12934_17441_18375_11964_10879_9546_9989_11943_15602_15631_10911_9602_8548_9235_11915_18189_16613_10805_11830_10884_11744_15334_18070_16590_10426_9420_8667_8814_11499_16480_16716_19551_13833_8415_8715_11729_16621_16655_10570_8579_7977_8370_10867_14420_17090_9692_8311_7641_7941_10492_13670_12673_8920_8362_7942_10490_11481_14489_13540_19827_13487_10052_9629_11211_14839_17266_11052_8411_7884_8717_10234_18476_22334_13340_8388_6974_8125_10216_12650_11533_9982_7761_6977_7140_9560_13146_13046_8339_7331_6861_6461_8646_11563_11951_8664_7788_6556_6161_8876_12952_13592_8463_6853_5942_6103_7846_9903_10492_8178_23623_15737_21765_16697_14913_16426_10460_8596_7276_7336_8293_11643_13497_10169_8159_7318_6866_7407
arwiki,2016,معرض_أعلام_الدول,2834393,Wikipedia list article,اعلام الدول الاروبية,Wikimedia-Liste,artículo de lista de Wikimedia,liste d'un projet Wikimedia,статья-список в проекте Викимедиа,维基媒体列表条目,File:Question_book-new.svg,https://commons.wikimedia.org/wiki/File:Question_book-new.svg,https://upload.wikimedia.org/wikipedia/commons/9/99/Question_book-new.svg,en:User:Saranphat.cha,CC-BY-SA-3.0,http://creativecommons.org/licenses/by-sa/3.0/,11488_11516_11731_11426_11437_11275_11485_12788_12466_11979_12542_12908_12629_13176_14165_13780_14294_14549_15198_14618_13741_14609_15396_15287_16064_15617_14965_13761_14952_14736_14375_14809_15686_15209_15065_15908_16619_16610_16103_15071_15789_15467_16284_16153_15059_15384_15685_16450_16627_18438_18789_24760_19857_20386_18996_18396_19663_18828_18607_18155_18470_17935_18543_18933_17109_16324_16292_15531_15858_15450_15101_13114_14229_15316_15961_15637_14704_15948_15354_15063_14768_14701_15307_14912_15848_16094_15837_15654_13651_13673_14024_15264_14490_15120_15994_15713_15392_14625_15581_14228_14718_14608_14538_14716_14265_14294_14455_13967_13847_13750_13476_12754_13823_13182_13198_12537_12549_13089_13335_14412_13683_13821_12783_12489_11935_11632_11987_10766_10022_9600_9433_9319_8619_8512_7638_7133_7265_7284_7660_7478_8263_7662_7623_7613_8112_7898_7545_7510_7551_7507_7316_7516_7163_6808_6883_6205_5678_5295_5695_5875_5810_6299_6496_5840_6103_5915_6196_6145_5917_5653_5686_5363_5431_5543_5368_5395_5393_5749_5539_4905_5071_5206_5109_4606_4809_4454_4255_3273_4159_4678_4883_4968_5009_5065_5037_4906_4978_4868_5045_5019_4729_4831_4644_4445_4603_4754_4674_4718_4507_4394_4907_4366_4618_4717_4534_4212_3976_4436_4368_4407_4592_4067_4281_4024_4179_4380_4294_4302_4163_4117_4019_4177_3960_3897_4137_3909_3705_3609_3592_3464_3469_3516_3450_3379_3667_3408_3312_3190_3041_3099_2889_2904_3105_3047_2680_2698_2811_2768_2900_3209_2845_2696_2800_2502_2606_2391_2626_2552_2270_2308_2336_2329_2177_2268_2433_2334_2630_2173_2254_2250_2320_2319_2225_2291_2526_2471_2408_2401_2474_2110_2087_2155_2048_2043_2307_2095_2092_2071_2068_1844_1825_1850_1956_1898_1828_1739_1759_1706_2094_1918_1804_1842_1879_1745_1877_2201_2090_2115_2131_2182_2266_2172_2456_2201_2127_2195_2213_1950_1918_2276_2145_2137_1874_1865_1953_2056_2307_2130_2030_1987_2026_2091_2143_2537_2241_2108_2237_2173_2060_2308_2447_2678_2509_2269_2044_2089_2208_2581_2754_2647_2357_2401_2266_2280_2530_2339
dewiki,2016,Deutschland,7106195,sovereign state in Central Europe,دولة في وسط غرب أوروبا,Staat in Mitteleuropa,País de Europa y Miembro de la unión europea,pays d'Europe,государство в Центральной Европе,欧洲中部国家,File:Germany_in_the_European_Union_on_the_globe_(Europe_centered).svg,https://commons.wikimedia.org/wiki/File:Germany_in_the_European_Union_on_the_globe_(Europe_centered).svg,https://upload.wikimedia.org/wikipedia/commons/5/56/Germany_in_the_European_Union_on_the_globe_%28Europe_centered%29.svg,TUBS  ,CC BY-SA 3.0,https://creativecommons.org/licenses/by-sa/3.0,16238_18783_20702_20750_20013_22394_21037_19108_17698_22781_21301_22209_22149_22485_19776_18866_23425_22953_21767_23418_21713_20041_18111_22589_47403_27226_24219_24667_22815_20658_27674_26346_25403_24961_22088_19792_17715_22537_23117_23695_23435_21868_20420_19498_24249_26245_26020_25229_24595_22424_21806_26540_26741_25953_24650_24981_21969_19297_25566_24972_23976_24015_22926_22244_20240_25647_24702_20941_19444_19230_17675_16130_25898_25041_20713_18909_17399_16594_14941_17669_18775_19949_17635_16079_18116_15065_18159_18958_19739_19160_17589_18010_15153_17462_19270_19393_18675_18535_16416_14282_17141_18049_17979_18487_17813_16828_14959_19387_19730_18731_18800_16919_15928_15010_19056_20191_19924_19729_17748_15902_13343_16626_16996_17365_15786_14481_13289_12763_16508_18258_19049_18436_17947_16269_17300_17670_18691_18007_17728_17923_16296_13637_17485_24060_20514_19078_18183_15516_13744_18812_20721_19941_19799_20134_17411_15420_18468_20202_20062_20280_21413_21772_19398_32714_25183_31723_26326_28302_20243_21293_23193_21892_24113_21884_20827_23186_22472_28839_35862_24993_20772_20428_21697_27945_30885_20181_19352_21774_22605_16390_14848_18810_18684_20321_20532_20464_19373_21171_21194_21224_18885_17880_17832_19374_16574_18758_20393_18767_18845_17941_17159_15939_20089_21321_19645_19702_18452_18954_18406_19170_21618_23569_23693_21483_21125_18183_21256_18408_19017_18572_19067_17172_17685_19961_18334_16758_17974_15582_20565_13484_15775_17885_16830_16878_15524_15377_13841_20780_19501_18078_16894_16408_15357_13228_16501_16900_16480_16540_16461_16436_13625_18346_17770_17628_16410_16167_14594_12030_15044_16739_16856_16299_15523_14326_13706_16637_20245_16902_16152_16860_16316_18419_17418_16918_17686_17642_16030_15336_13786_15477_16807_16973_17476_17366_16584_14581_16535_17774_17584_17544_17484_15410_13164_16803_16689_18816_18742_16758_16201_15925_19125_22160_20754_22693_19217_19616_17139_21037_19986_20461_19425_18259_16256_15753_19999_19377_18762_17800_17568_15376_14539_17330_20538_20493_19586_19202_17167_16225_21066_22208_21085_20814_20512_27346_16017_19375_19856_20013_21404_20192_16840_14986_19323_21598_19914_18263_17148_15577_15179_20231_20914_19555_20200_19098_19406_16241
ruwiki,2017,Grim_Dawn,12958286,2012 video game,,Computerspiel,videojuego de 2012,jeu vidéo de 2012,компьютерная игра 2012 года,,File:Flag_of_the_United_States.svg,https://commons.wikimedia.org/wiki/File:Flag_of_the_United_States.svg,https://upload.wikimedia.org/wikipedia/commons/a/a4/Flag_of_the_United_States.svg,"Dbenbenn, Zscout370, Jacobolus, Indolences, Technion.",Public domain,,89_128_134_186_122_135_124_110_134_128_119_122_98_87_98_91_97_113_88_89_116_124_95_97_88_100_93_112_104_98_92_56_92_82_122_109_115_84_99_114_115_95_123_90_85_71_104_102_102_106_96_116_97_95_136_125_109_111_80_74_82_76_106_77_75_90_78_84_62_98_81_79_64_89_124_212_226_312_241_167_169_139_110_143_159_140_116_105_102_101_120_114_92_72_75_68_84_93_115_107_99_55_75_86_76_80_81_87_135_83_107_87_107_68_64_60_59_62_70_93_86_70_73_53_69_71_87_63_84_59_58_75_66_77_59_53_60_64_61_57_74_55_58_53_71_119_109_92_86_70_67_73_55_72_114554_313673_678498_486631_566911_234521_317591_536896_543825_271296_148379_73452_329062_398853_422549_128502_453263_505299_381628_680915_172910_301166_361062_697568_468060_212088_392497_226831_238764_608595_143013_244260_425099_590406_81641_107274_67918_92_103_113_103_78_103_78_72_80_57_57_71_72_66_70_61_64_65_78_62_81_87_66_58_65_63_66_94_92_90_76_81_51_86_69_87_70_53_53_70_68_73_66_75_54_71_85_66_58_60_53_70_50_65_72_64_61_60_57_46_53_97_74_48_51_42_48_64_55_68_79_74_71_63_77_83_75_67_62_56_59_62_84_81_77_71_129_88_86_108_103_117_243_519_315_283_262_233_197_165_138_141_137_151_140_131_94_103_142_159_151_134_146_107_92_115_112_121_115_127_101_82_75_85_116_92_85_65_87_135_280_239_175_123_129_128_108_186_167_146_146_147_134_133_155_228_156_123_169_129_165_139_123_111_87_136_81_76_90_82_96_87_90_80_101_115_123_107_84_98_82_102_125_117
enwiki,2017,Darth_Vader,34852146,main villain of the Star Wars Trilogy,شخصية خيالية,Figur in Star Wars,personaje de ficción en la franquicia de Star Wars,personnage de Star Wars,один из главных персонажей «Звёздных войн»,星球大戰原始三部曲的主要反派,File:Darth_Vader.jpg,https://en.wikipedia.org/wiki/File:Darth_Vader.jpg,https://upload.wikimedia.org/wikipedia/en/7/76/Darth_Vader.jpg,,Fair use,//en.wikipedia.org/wiki/File:Darth_Vader.jpg,112460_115375_111939_108454_107408_105240_107068_109609_105064_102832_102533_104557_101372_103796_104087_101628_102983_102027_99550_99479_101334_100963_100241_100697_104493_106235_105968_106604_107271_106102_105916_105543_105433_105816_105936_107541_105558_105416_105084_105001_105103_105201_105792_109444_108952_104635_104550_104838_105503_105306_105439_104783_105039_104310_105609_105552_105607_105069_104551_104545_104408_104119_106466_110672_107143_104550_104297_104979_104457_104803_104810_104429_104262_104051_103889_102851_102277_103945_104421_105401_105014_99448_90394_95505_87925_55615_54596_54127_66758_58104_55426_54993_54246_53932_54423_54573_54480_54856_55632_55007_54430_54370_54688_57178_57864_57293_57213_57561_96155_86941_93176_101054_101399_100754_98560_99814_99455_99844_100090_100783_98385_99716_100149_107982_108614_109640_109141_104179_103355_102688_101898_102692_102820_103010_81633_62725_101779_101887_101882_102474_102597_100732_102064_99962_102676_102042_101872_102541_102397_102201_101825_101284_101027_100908_101258_100953_100585_100625_100731_104890_112241_112575_112473_111906_111911_110621_109242_109410_110937_110141_109020_107738_108824_108923_108953_109167_109087_109171_108884_108866_108706_109317_110060_107177_108732_106683_105564_105939_105574_106026_105811_102025_96937_101389_104047_104862_105616_106165_108139_107184_104870_108115_107509_107660_107304_108096_108100_108216_108340_108854_108753_108243_107710_108085_107753_107693_107636_108205_107655_107710_107544_108221_107664_108106_108693_108106_107827_107929_107088_105075_105038_105347_102748_104623_105066_105040_105123_104656_104807_104515_104953_105125_105130_104910_104710_105401_103973_100221_94368_90134_88107_90775_90721_90711_90533_90797_90614_90454_91292_91337_90867_90694_89444_89641_91498_92284_91720_90813_91396_91874_90146_90256_88058_87262_87224_88541_86687_86297_88071_91771_92596_90544_92095_82692_88295_89658_89717_92170_88436_88621_87436_87193_87828_88415_89423_88628_87118_88580_88480_88231_89896_90277_87626_88582_88184_88513_87797_88760_89553_87950_87669_86028_88158_87532_88397_88568_87535_86014_82502_79879_81092_79888_80551_80008_79271_79524_80148_80664_81413_81354_79323_78338_74761_72496_73182_72774_73844_73087_73869_74048_74072_74754_76769_80978_78553_77472_83426_83646_88216_95267_101370_97284_89375_87035_84625_84018_84020_84929_83313_85836_85893_83786_82747_81088_81346
frwiki,2017,France,8942054,sovereign state with mainland in Europe and several overseas territories,جمهورية في غرب أوروبا و تضم بعض الأقاليم والمناطق فيما وراء البحار,Staat in Westeuropa und einigen Überseegebieten und -regionen,país de Europa,pays transcontinental dont le territoire métropolitain est situé en Europe occidentale,государство в Западной Европе,西歐國家,File:Mapadefrancia.svg,https://commons.wikimedia.org/wiki/File:Mapadefrancia.svg,https://upload.wikimedia.org/wikipedia/commons/6/67/Mapadefrancia.svg,Monsieur Fou,CC BY-SA 4.0,https://creativecommons.org/licenses/by-sa/4.0,30948_32009_31688_32035_31733_30868_34425_32669_31806_31330_31894_31904_31304_32103_33148_32735_33237_33311_29673_24083_24133_26243_25442_25085_25737_24785_24276_24469_27714_28254_27612_32444_31672_31414_31998_33311_32063_31835_32410_27610_24107_24247_26151_24639_23958_24492_24783_24246_23796_25729_24714_24336_24634_24505_24003_23775_25536_24486_24765_25301_24587_23844_24103_25848_24666_24706_24684_23928_23342_23478_25363_25078_24656_24745_24112_23999_24413_25687_25646_25542_25344_24801_23749_27977_25473_26598_25683_24983_24677_24028_23913_25441_25004_25599_24813_24084_24777_23268_24123_24324_23858_24909_23494_23784_24199_30288_25703_24833_24801_24341_23785_24432_29833_26880_25771_25496_28279_24441_23482_24929_26041_24990_26122_25424_24147_25369_43980_33630_27343_26515_25789_23956_24863_32550_28799_25658_27157_24831_26885_23828_24207_24305_24015_23458_23461_22898_22615_24538_23998_23650_23587_23235_23113_22826_23676_24199_23533_23643_23020_22815_22493_25351_23936_24133_22931_23245_22487_22987_25061_24870_23543_24397_24076_23475_23571_24344_23736_26453_23562_23017_23409_22984_23700_23042_22791_22924_22841_22157_22716_23368_23506_23244_23189_22743_24298_23209_23468_23446_22754_23550_23238_22869_22750_23931_24158_23648_23580_23680_22392_22308_23331_22922_22490_22801_22649_22462_22259_23403_22418_23927_23646_23165_22929_23359_23745_22662_23207_22480_22673_23052_22096_23243_22416_22132_22344_22618_22730_21969_22559_23272_22598_22489_22942_21956_22142_24124_22408_22047_22893_22985_22931_23155_23675_22907_22465_23023_22797_22299_22765_24146_23113_23209_23045_22657_25216_23057_24531_24032_25296_25947_22769_22350_22891_24389_23252_23011_23410_22539_22325_23136_24389_23359_24217_23387_22435_21986_22399_23601_23315_22924_22912_23028_21781_22743_26032_22981_23061_22672_22765_23146_22912_23736_22845_22364_23337_23385_23252_23670_24574_24186_24204_24154_28145_38339_24922_25691_23470_23330_23956_23319_22555_23465_24687_23906_23205_23504_23450_22859_23249_26249_25729_24738_24562_23600_24525_23181_24514_24111_23749_24738_23788_23300_23072_24746_24057_23758_23845_23027_22420_22912_24114_23311_22746_22119_21891_21209_21289_21732_21960_22804_22774_22661_22262_22606_22272
eswiki,2017,Lali_Espósito,14152192,"Argentinian actress, singer, dancer and model",ممثلة أرجنتينية,"argentinische Sängerin, Schauspielerin und Model","actriz, cantante y bailarina argentina",actrice et chanteuse argentine,,,File:Lali_2018.png,https://commons.wikimedia.org/wiki/File:Lali_2018.png,https://upload.wikimedia.org/wikipedia/commons/8/81/Lali_2018.png,Fernando Radl,CC BY 3.0,https://creativecommons.org/licenses/by/3.0,30723_51948_36787_45678_92279_76595_72132_57264_36216_94167_36896_51590_122261_65997_22963_83028_69441_58413_70261_49576_72488_47433_75327_32972_66951_51099_54166_33574_13664_36396_55786_90921_89159_59371_28180_17039_21772_49843_55932_69067_75839_21972_58677_55523_36212_39132_107495_86801_85479_53815_26076_60656_82491_60563_57130_22746_101186_32999_29472_47960_23080_30388_24022_24618_26945_22865_21373_68799_91419_87945_10622_13777_21640_39252_51420_30282_29878_23051_15800_20926_26928_26602_22508_17281_15053_18251_123257_231334_283664_157506_120758_177649_163223_139210_56142_75730_49538_52338_86368_44805_54198_68374_72621_75143_32251_45429_89436_50767_84807_59873_66463_53941_52229_108135_122868_41534_26241_81381_37413_20947_23399_101144_97761_60418_100064_95777_122927_84736_47820_38201_120017_55768_34819_46015_67217_46950_127517_43503_112529_142344_165248_86655_133923_34201_26314_22263_23271_8789_33662_45451_33079_69748_42738_47984_127384_150187_152523_119697_239989_59478_151904_87509_160946_144838_132545_89030_63956_21692_108842_114090_146510_122837_35053_46897_7237_23954_23121_22690_19417_17724_24535_21764_6888_18299_21100_19193_28098_14906_6445_12844_14545_10611_16997_5910_21187_21713_7762_10684_17569_20429_23562_40916_22174_19539_24430_18780_25318_12696_18021_19960_12973_8772_7535_5113_5032_3610_47737_9744_27055_67865_8094_16967_37509_62173_4344_10065_22981_11693_9827_48925_54692_60931_5976_6553_11561_13249_11754_5494_2435_10925_14920_8068_8882_11542_2927_1675_9603_8717_8722_5721_12308_6253_4582_10263_26461_8832_11308_6397_3566_2652_6781_3659_4217_3363_3984_2102_2553_6459_5780_5888_19678_6439_9984_2357_19188_6117_12570_8844_4257_29874_1951_3863_5390_4206_4018_3039_1174_1203_1060_3299_4851_3708_4247_1163_1334_5328_2915_2983_3995_3324_809_2906_4423_1086_7988_4119_3294_1235_1166_13974_7103_5735_6564_903_1747_3200_59829_6029_3524_4212_5062_3367_981_1258_47758_80704_47409_59988_41825_6131_7550_9949_15599_5197_9438_59750_30183_4285_1619_5749_2389_1267_1420_1139_2675_3393_6063_2115_6810_2499_4413_1164_4484_8544_5099_5023_1627_685_1227_3218_2977_3870_2641_1880_6064
zhwiki,2017,Wiki,9518293,type of website that visitors can edit,نوع الموقع الذي يمكن للزوار تعديله,"Websites, deren Inhalte von Besuchern geändert werden können",sitio web cuyas páginas pueden ser editadas por múltiples voluntarios a través del navegador web,type de site web collaboratif,"веб-сайт, содержимое которого могут редактировать сами пользователи",訪問者可以編輯的網站類型,File:Ward_Cunningham_-_Commons-1.jpg,https://commons.wikimedia.org/wiki/File:Ward_Cunningham_-_Commons-1.jpg,https://upload.wikimedia.org/wikipedia/commons/8/88/Ward_Cunningham_-_Commons-1.jpg,Carrigg Photography for the Wikimedia Foundation,CC BY-SA 3.0,https://creativecommons.org/licenses/by-sa/3.0,4699_5284_5696_6445_5584_5698_5078_5393_5658_5927_5746_5398_3952_3874_4591_5235_4909_5066_5048_4646_4109_4284_5275_4874_4842_4342_3680_3511_3727_4090_4609_4854_5144_5298_4696_4828_5684_5524_5383_5462_4832_4171_4694_5375_5285_5290_5234_4736_4827_4544_5488_5259_5895_5504_5094_4516_4734_5165_5025_5609_5915_5319_4423_5061_5662_6092_6031_5981_5833_4754_5202_5869_5693_5380_5176_5293_4549_4948_5741_5751_5592_5611_5391_5013_5044_5734_5761_5479_5933_5373_4375_4356_4680_4859_5433_5604_5461_4661_5201_5466_5354_5204_5276_4984_4555_4921_5704_5715_5467_6087_5340_4868_5082_6087_5540_5990_5672_5263_4437_4767_5181_5476_5409_5373_5585_4860_5013_5990_5649_5817_5703_5014_4777_4870_5911_5652_5647_5292_5300_4498_4827_5878_5797_5577_5374_4943_4365_4734_4954_5131_5507_5697_5577_5378_5758_5684_5720_5015_5253_4838_4647_4844_5861_5190_5411_5131_5010_4576_4877_5577_10364_11863_11369_12627_11926_11979_13009_16244_19027_23108_28956_28876_28931_26547_30734_32302_38713_41217_37794_37253_43420_49773_54433_58274_59076_58377_58451_59530_59309_60452_58771_60011_59384_59551_59883_61561_62076_61942_62285_62190_62586_63596_66134_66661_66038_66170_65732_65505_65471_65011_64962_64896_64579_63841_64150_64887_60960_50610_50490_49019_46311_46746_49537_50781_50824_50575_50503_49788_50210_50332_49315_48955_49290_49107_48560_48766_49482_50100_49452_49486_49180_48661_48723_49608_49636_49850_49924_49647_49044_49178_50270_50109_50223_50055_49503_48951_49041_50037_24170_20580_19932_20015_19951_19486_20432_20351_19886_20351_20270_19432_19559_21392_23309_25303_24955_24704_23961_24423_26671_26607_26293_25945_25785_25145_25131_26192_25824_26386_25958_25677_24448_25060_26060_28512_29598_32795_35573_35022_35302_37149_39181_42882_48233_48931_47503_48062_48888_51416_52156_51001_41067_50461_50467_55052_59661_60187_60794_63686_63109_63492_68019_68746_68839_72303_73201_71067_71347_76571_77992_78181_77972_80539_79960_80520_82097_86786_89992_90294_33461_8421_8704_11449_12709_16281_16471_18759_17806_18095_23404_30022_30532_30626_31463_30450_30066
arwiki,2017,أرطغرل,1518921,"Ottoman ruler, father of Osman I",والد عثمان غازي مؤسس الدولة العثمانية,Vater des Dynastiegründers der Osmanen,Bey turco semi-legendario,,"тюркский правитель, отец основателя Османской династии Османа I",,File:Ertugrul-gazi-1.jpg,https://commons.wikimedia.org/wiki/File:Ertugrul-gazi-1.jpg,https://upload.wikimedia.org/wikipedia/commons/9/93/Ertugrul-gazi-1.jpg,Эртугрул Гази,Public domain,,3388_3314_3079_3481_3450_3877_3649_3449_3908_4047_4460_4719_5648_4919_4415_5013_5140_5288_5565_5928_5597_5117_5157_4896_4596_4300_4397_4149_4021_3927_3961_3957_4207_4522_4644_5254_5551_4907_5394_5348_5180_5098_5124_4753_4437_4752_4975_5570_5893_5531_5418_5719_5759_5835_6063_5726_5381_5579_6206_5216_5068_5321_5246_4895_4688_4392_4599_5262_5727_5631_5515_5264_5766_5968_6133_7019_6232_5968_5856_5838_6294_6515_6139_5843_5275_5107_4637_4346_4869_5059_4409_4742_4615_4312_4226_5025_4976_4416_4452_4554_4214_4786_5576_5304_4634_4675_4829_4685_4856_4719_4634_3914_3865_3950_3880_4014_4465_4506_3930_3699_4356_3597_4929_4376_3984_4156_4264_4926_4785_4863_5771_5919_5479_4749_4684_4449_4142_8684_7809_5896_5066_4408_4531_4287_4290_3819_3763_3781_3873_3861_4171_4187_3885_3874_3977_4196_3359_3570_4397_4466_4432_4018_4504_4736_4387_7908_8205_7262_5574_5235_5218_4752_4366_4170_3924_3775_4139_4011_4064_4037_4107_4121_4118_3923_4083_3984_4206_4457_4335_4314_4216_4182_3946_4061_4655_4397_4525_4338_4536_4493_4640_4161_4202_4435_3939_4013_4145_3990_4303_4541_4221_4275_4263_4061_4252_4357_4616_4176_4096_4133_4313_4255_4338_3888_3910_3839_3657_3272_3590_3843_3858_3339_3474_3349_3056_3098_3782_3974_3739_3501_5294_3580_2743_2265_2908_3012_2817_2854_2778_2849_2965_2935_2769_2654_2769_3212_2905_2941_2687_2531_2505_2522_2411_2666_2720_2463_2436_2444_2366_2236_2614_2607_2498_2673_2695_2810_2515_2521_4147_4314_3203_2976_2773_2742_2689_2641_2719_2910_3081_3131_3107_2861_3145_3080_2922_2933_2872_3407_5312_5275_3770_3348_3148_2963_18102_3400_3630_3169_2695_2783_2757_2962_3072_3091_3039_3024_3187_2829_3121_3786_4427_3515_3746_3532_3377_3387_4526_4716_4042_4663_3806_3416_3560_5578_5188_3922_3743_3680_3283_3394_3650_4102_3739_3403_3418_3572_3424_3584_3670_3819_5861_3569_3647_4055_4913_4846_4244_4306_4450_4162_4423_5036_5184_4478_3752
dewiki,2017,Nekrolog_2017,6525308,Wikimedia list article,قائمة ويكيميديا,Wikimedia-Liste,artículo de lista de Wikimedia,liste d'un projet Wikimedia,статья-список в проекте Викимедиа,维基媒体列表条目,File,,,,,,19284_22561_21471_20657_20970_18206_14539_16190_26338_22282_19305_20956_18824_14942_14945_25380_20902_21069_20014_18746_13751_14936_24664_20845_21150_19592_18606_16683_15660_25220_19822_21331_19904_19134_14217_15243_25190_20394_22096_22876_21302_16600_17682_25046_28064_23440_20605_19736_15472_16128_23891_22481_21416_21372_19736_14505_16258_25035_23955_21907_21178_17453_13171_14850_22121_21020_18741_17853_15983_11401_14604_22830_21370_19627_17448_17222_13305_13759_25268_19968_19297_18731_17711_12870_13546_21711_23262_20813_20353_17080_12630_13388_20066_17781_17856_17815_16729_12117_12282_21803_18484_20452_18174_13423_12131_13170_15062_23458_19940_18541_18620_13957_15570_26204_22960_20195_18202_17034_11967_12773_14780_22997_21624_25888_21130_14457_15917_23869_20353_22526_20771_18325_12093_12580_20438_20530_18542_20311_17152_14977_14906_24613_24153_21295_13415_18344_13927_14831_25398_21740_18997_20161_17446_12878_13421_14595_25167_19823_19814_19258_13956_13876_21434_18752_18489_15257_18650_13165_15111_24943_21749_22157_22666_18534_13422_13963_20424_19092_21121_19254_17411_12802_14436_22687_20154_20276_17982_16352_12489_15216_21565_18309_17682_17485_16059_11922_14170_26259_18504_19118_23378_20452_17055_17585_26939_23697_21901_21787_17912_12897_13967_23231_20181_18972_19130_17709_12722_14205_22181_20288_20902_20393_20832_12970_13218_20508_19292_19644_18655_17060_12925_14678_23832_21444_19110_18759_19078_13724_14588_24725_19273_19748_19538_19188_13250_13811_21249_18567_18772_17502_16692_15293_14243_21667_20801_19517_22399_17821_13528_13845_22878_18840_18495_17480_15809_12150_12535_20811_18773_17885_21210_22494_15861_15756_20993_18207_22773_19935_20222_15403_16873_28351_22842_20239_18825_17022_12207_13231_20828_19533_18594_20971_17714_14280_14563_24141_20080_20696_17885_19316_13438_14764_18294_15851_19719_22236_18431_13057_14454_21871_21725_20109_21810_20158_14303_15604_24921_25225_21566_20821_20770_17953_17257_28626_22957_23766_22544_17621_13804_16223_23263_20715_19980_18879_18212_13918_14757_22927_20791_21178_23766_19338_16200_15784_23608_22512_20488_19445_17274_13088_15698_24484_21162_20498_18703_18158_16019_14137_16673_18396_22338_20870_18735_16208_15108
ruwiki,2018,Borderlands:_The_Pre-Sequel!,32087866,2014 action role-playing first-person shooter video game developed by 2K Australia,,Computerspiel,,jeu vidéo,компьютерная игра,,File:Borderlands_The_Pre-Sequel_box_art.jpg,https://ru.wikipedia.org/wiki/%D0%A4%D0%B0%D0%B9%D0%BB:Borderlands_The_Pre-Sequel_box_art.jpg,https://upload.wikimedia.org/wikipedia/ru/6/62/Borderlands_The_Pre-Sequel_box_art.jpg,2K Play,Добросовестное использование,,88_94_85_88_93_69_84_95_74_75_76_56_73_76_72_74_69_82_64_83_74_54_70_52_56_72_67_73_89_75_65_57_59_79_92_66_53_67_49_58_70_83_54_57_60_62_93_75_72_55_68_78_71_83_96_99_99_59_78_77_61_69_98_83_72_59_82_84_103_131_79_76_88_62_77_54_77_57_58_74_71_58_77_83_76_59_66_84_67_73_71_64_45_47_49_48_69_68_60_49_52_54_47_49_48_53_50_61_50_35_50_62_58_65_44_40_37_57_54_76_69_59_55_42_52_50_36_41_54_50_55_50_61_54_59_83_56_62_66_59_50_57_47_64_62_70_79_79_64_64_82_69_51_74_69_64_51_55_76_71_70_97_83_80_49_62_61_61_66_68_81_60_100_72_77_50_64_73_63_89_94_60_71_85_60_66_81_78_64_64_75_76_59_67_69_64_54_86_52_54_51_59_67_57_60_68_56_63_91_80_70_57_61_66_58_77_92_67_71_58_72_62_47_72_68_75_68_60_75_64_75_66_67_79_71_60_58_70_74_183298_220973_379755_234004_170653_204718_135707_244777_218480_207825_78769_190385_236280_134350_222532_204285_232570_143974_147303_218384_202515_247170_200213_421915_194883_322209_345743_159670_159138_181337_178348_178756_268619_241679_179436_266315_219117_158049_100100_337610_413061_210886_299280_256698_102969_235348_381751_485642_449858_221015_253293_234690_147988_259976_344867_473330_343472_272538_277221_208150_303443_349014_408708_323527_240830_344446_252635_254831_366973_141610_171485_254128_255766_156594_426933_210717_155963_254407_503068_321723_277703_360730_459287_257556_109351_298509_235783_284787_398706_318124_288922_359041_230207_305270_95570_291082_353709_1648_221190_252840_240932_126139_327847_225045_359844_86512_269150_270173_193040_291900_49999_168122_230924_222797_272064_202730_239969_337547_319351_231663_324796_322148_325437_329560_225599_336874
enwiki,2018,2018_FIFA_World_Cup,34294309,"21st FIFA World Cup, held in Russia in 2018",النسخة الحادية والعشرون من بطولة كأس العالم في روسيا,21. Ausspielung des bedeutendsten Turniers für Fußball-Nationalmannschaften,XXI edición de la Copa Mundial de la FIFA,21ème édition de la Coupe du monde de football,21-й чемпионат мира по футболу ФИФА,2018年在俄罗斯举行的国际足联世界杯,File:2018_FIFA_World_Cup.svg,https://en.wikipedia.org/wiki/File:2018_FIFA_World_Cup.svg,https://upload.wikimedia.org/wikipedia/en/6/67/2018_FIFA_World_Cup.svg,,Fair use,//en.wikipedia.org/wiki/File:2018_FIFA_World_Cup.svg,22608_23017_21934_21248_20922_19619_22454_21674_20868_20608_20213_18773_21161_23478_22886_21212_21089_20035_19474_19985_22047_24395_23296_24691_21649_20259_21651_22605_22129_21798_20074_21029_19333_21073_25116_37152_22899_21723_22667_25629_31117_29219_26881_25704_24956_24102_23314_25478_26443_26597_27544_26497_26404_24055_26788_33079_30489_25630_25544_24100_22502_24613_26349_24329_33715_28987_24601_24971_25657_27039_28623_32700_30509_30820_28556_28293_29611_30085_32727_35484_39399_51052_50952_38026_41933_56229_48936_33797_28872_26529_28491_27201_27868_27492_25793_23746_23769_26123_26295_26204_27904_28875_27204_26349_29531_29939_30710_31732_27337_26329_26380_29019_31129_34561_39746_35165_30186_27000_30085_34757_38057_40026_38013_35708_34359_40130_42115_41865_41912_41491_44089_43076_50153_66601_75530_80451_74519_73845_66601_68131_90372_86070_79928_78140_73606_95882_94937_105266_109038_106999_101365_101711_110786_122884_143656_131233_129269_138557_134929_132301_148282_186388_205605_344734_815203_706352_609933_627077_666899_546879_528425_596370_598194_602017_726701_710006_711340_942822_851935_384025_527709_659354_609886_593898_364422_237634_541150_637472_335357_252756_415032_491311_307221_200066_413597_961615_421336_168381_114621_93521_90041_74759_73408_70354_62798_57578_56502_54878_60887_67184_67156_60666_62734_55128_55421_56046_53312_64559_65691_50481_48663_46706_45992_48128_54168_50629_52646_48156_59156_56886_57010_60423_58419_60605_62806_73059_56986_64270_64789_40641_41642_42553_41510_39591_34673_39140_40362_41633_52380_43471_56358_58187_43868_42974_46110_38423_43628_33617_34061_48919_44892_36534_39976_38682_36645_33729_43304_38596_42297_39836_46556_38404_62674_54620_40758_41125_43243_50373_47559_54070_56676_47831_39271_44365_42565_51218_47098_45250_48967_50553_43250_42134_38408_40147_48362_41128_36253_45477_41306_33299_48851_52471_44253_36086_47881_45923_48703_42087_47491_49775_43223_53375_48734_56197_52206_47778_46178_48607_48087_46057_49386_56897_54090_49081_44808_48875_46536_47717_44102_46297_48506_43053_55301_46089_39265_39072_49073_45437_43441_38490_37848_33962_30476_34559_35990_29547_32233_29303_32423_35106_36103_41693_41120_41018_50914_43068_54538_60597_49799_50222_62737_66552_58922_53333_54410
frwiki,2018,France,8483008,sovereign state with mainland in Europe and several overseas territories,جمهورية في غرب أوروبا و تضم بعض الأقاليم والمناطق فيما وراء البحار,Staat in Westeuropa und einigen Überseegebieten und -regionen,país de Europa,pays transcontinental dont le territoire métropolitain est situé en Europe occidentale,государство в Западной Европе,西歐國家,File:Mapadefrancia.svg,https://commons.wikimedia.org/wiki/File:Mapadefrancia.svg,https://upload.wikimedia.org/wikipedia/commons/6/67/Mapadefrancia.svg,Monsieur Fou,CC BY-SA 4.0,https://creativecommons.org/licenses/by-sa/4.0,22954_23843_23826_23664_23926_23703_26867_25144_23857_23715_23581_26002_22967_24768_24474_25065_24469_24278_23676_24308_25578_25000_24465_24748_24378_23696_23824_25347_24119_23953_23828_23442_22679_23186_25734_24862_24772_24532_25072_26624_25136_26865_25190_24710_23686_24056_23171_23468_25115_24935_24566_24243_24379_23607_23365_25093_24204_23982_23790_23470_23552_23398_25473_24279_23718_23291_23001_23035_23144_24283_24234_24018_23691_23432_23098_23551_25212_24245_24712_24133_23598_23997_23606_24420_24517_24490_24031_23179_23214_22763_23937_24483_23357_26227_23488_22682_22480_23779_23605_23297_23340_23561_22531_22942_22948_23884_23661_23213_22804_22699_22297_23462_23766_23298_23098_22904_23020_22537_23987_23406_23961_23447_23491_22666_22337_23279_22998_26849_23984_23987_23371_23586_24808_24000_23474_23476_22739_22050_22622_22807_24118_23215_23424_23179_22542_22253_23331_24031_23917_23288_23114_22817_22215_23215_23181_23676_23086_23102_22610_22668_23896_23413_23529_23022_22987_22623_24643_24046_23202_22675_22572_23604_22667_22342_23519_22798_23315_22312_22052_21526_24704_24488_22997_23508_22003_22480_27003_24164_23403_22829_26463_27716_24952_23385_24643_31700_27979_24398_24572_22802_22621_22624_22737_22731_22443_22221_22286_21737_22155_22758_25531_22205_22218_21985_22728_23064_23653_22903_23245_22862_23196_22894_23212_24189_22981_22346_22638_22011_23186_23233_23207_22355_22365_22256_25159_22518_22486_22902_22144_22041_22351_23060_21715_22106_22104_21563_22653_22701_22599_21878_22006_23664_22394_24650_22361_22403_21866_21980_22678_22280_19518_15145_14792_15180_10828_16017_15706_15368_15096_15162_14761_14582_15537_15526_15382_15292_14919_14945_15069_17025_16057_16019_20537_23190_22460_23080_23877_23490_23701_23325_22545_22362_22000_22827_25191_23015_22642_22198_22508_22244_23466_24388_23031_22701_23589_23633_24074_25544_24216_23859_24372_26697_22810_23733_25373_24234_24075_37337_41914_52946_24425_24628_23897_24688_24129_26532_25046_24598_26209_25665_25506_24880_24768_24095_28364_26308_25792_24972_24745_24520_23669_24299_25134_25216_24985_24895_24198_23559_26680_25250_23976_23552_26121_22706_22097_22272_22687_22029_23750_22356_22886_22491_22859_23569_22177
eswiki,2018,La_casa_de_papel,5974894,Spanish television crime series,مسلسل إسباني,spanische Fernsehserie,serie de televisión española,Série télévisée espagnole,Испанский сериал с 2017 года,2017年西班牙犯罪電視節目,File:Casadepapelwordmark.png,https://commons.wikimedia.org/wiki/File:Casadepapelwordmark.png,https://upload.wikimedia.org/wikipedia/commons/f/f7/Casadepapelwordmark.png,Atresmedia,Public domain,,10030_15130_14141_12758_11450_11292_13334_14422_13151_12510_12796_12051_13494_17881_20992_17747_17441_16722_15518_15928_19880_21989_20479_20459_19924_20017_21206_24474_26579_26373_24465_22740_21474_22445_26628_30500_30435_28518_28750_28036_28793_33955_39469_35174_30636_28471_29403_30748_38287_40382_35104_31820_29618_32937_31969_40971_47794_43351_36790_31766_32515_35192_41183_36918_34199_30074_26929_27059_29075_35355_33668_26735_24395_22287_22001_26004_32567_32442_26961_23935_21768_20583_23607_29381_28528_22403_21850_25129_28567_31492_33259_34378_26763_23019_24906_38112_54945_71014_71954_57866_56755_50406_50044_52098_65251_61212_52215_74135_59149_49660_50804_64572_57741_43403_38655_34531_32216_35714_46481_47216_45694_40318_27838_22995_25786_31446_29782_23816_22414_20012_18648_19659_24867_25428_21450_18602_18409_15854_15599_19692_20369_16876_14430_13087_12231_13006_16992_16566_12987_11616_10955_10259_11808_14968_14097_11738_10715_10070_9874_10327_13760_13362_11413_9847_9298_7808_9233_10739_10055_8399_8137_7663_7486_7494_9808_9732_7956_7429_7887_7348_7318_8905_9220_8095_9795_8254_7448_7556_8811_9867_7789_7078_7835_7526_7542_9158_9621_8916_8276_7922_7655_7899_10009_10022_9302_8551_7874_7278_7764_9677_9771_8044_7423_7117_6788_6815_8351_8484_7805_7062_6919_6263_6325_7573_7724_6524_6515_6383_6126_6269_7362_7825_6856_6232_6217_5818_5977_7239_7396_6266_6192_6179_5567_5814_6965_7379_6455_6289_5672_5157_5628_6938_6686_5814_5700_5223_4993_5563_6367_6348_5386_5215_5149_4863_5065_6358_6389_5430_4769_4693_4717_4534_5673_5092_4556_4617_4377_5403_7253_8812_8436_7921_7010_6722_6879_7590_9181_9347_8159_7053_6741_6478_6967_8886_8112_7763_7714_12608_11620_9616_10331_8958_7963_7395_8226_7997_8592_9840_8973_6924_6388_6454_6342_6503_7710_7256_6106_5673_5588_4869_5423_6644_6326_13693_8456_6560_6491_6996_8213_9000_6755_5925_5416_5091_5542_6595_5779_5157_4889_5521_4852_5584_6184_5274_4770_4836_4625_4461_5237_6127_4991_4723_4532_4035_3901_4270_4952_4216_4950_6131_5947_5578_5991_6558_5171
zhwiki,2018,延禧攻略,10582583,television series,,Fernsehserie,serie de televisión,série télévisée,,2018年中國古裝電視劇,File:延禧攻略.jpg,https://zh.wikipedia.org/wiki/File:%E5%BB%B6%E7%A6%A7%E6%94%BB%E7%95%A5.jpg,https://upload.wikimedia.org/wikipedia/zh/a/a5/%E5%BB%B6%E7%A6%A7%E6%94%BB%E7%95%A5.jpg,"作者
",合理使用,,0_0_0_0_0_0_0_0_0_0_0_0_0_0_0_0_0_0_0_0_0_0_0_0_0_0_0_0_0_0_0_0_0_0_0_0_0_0_0_0_0_0_0_0_0_0_0_0_0_0_0_0_0_0_0_0_0_0_0_0_0_0_0_0_0_0_81_91_89_74_83_79_80_106_0_0_0_2_0_0_0_0_0_0_0_0_0_0_0_0_0_0_0_0_0_0_118_91_68_77_80_83_87_35_0_0_0_0_0_0_0_0_0_0_0_0_0_0_0_0_0_0_0_0_0_0_0_0_0_0_0_82_129_118_123_113_133_108_48_101_113_139_130_129_132_165_95_1_2_0_0_0_0_0_0_0_0_0_0_0_0_0_0_0_0_0_0_0_0_0_0_0_0_0_0_0_0_0_0_0_0_0_0_0_0_0_0_0_0_0_0_0_0_0_135_662_1297_1432_1440_4751_13230_22177_32323_34799_41100_46685_58774_59437_69567_81726_80747_75799_74733_88628_84850_89655_109462_135618_136564_133208_145938_158616_168410_208879_204947_201364_190233_196266_200124_206409_243715_250622_265744_260894_244798_239410_240191_260139_247344_206977_169004_145824_136192_150706_160479_128497_119261_106584_100573_93016_107961_119260_93702_88195_86827_81441_74764_88652_96175_76022_67586_59753_56561_54529_53286_67802_68602_67325_57627_54927_52056_65034_62727_54087_44499_45156_40183_37716_48589_39104_30370_27912_26785_23787_23287_26138_26188_22290_22202_21258_18525_18232_19804_19460_16549_16220_15445_14226_13928_15622_16053_13695_12892_14068_15777_15209_16831_18171_21988_25368_24937_25641_25473_18235_17408_20930_22212_22953_23105_22373_17040_16295_17967_18280_17878_17834_17266_10915_12265_15503_17226_18669_17930_17833_13525_13647_15275_15801_16582_16330_15901_11901_12260_14059_14170_14730_14971_15309_10435_9773_11712_12147_12208_12514_12460_8304_8597_11437_11852_12406_12561_13024_9676_9805_14233
arwiki,2018,كريستيانو_رونالدو,2211117,Portuguese association football player,لاعب كرة قدم برتغالي,portugiesischer Fußballspieler,futbolista portugués,footballeur portugais,португальский футболист,葡萄牙足球运动员,File:Cristiano_Ronaldo_2018.jpg,https://commons.wikimedia.org/wiki/File:Cristiano_Ronaldo_2018.jpg,https://upload.wikimedia.org/wikipedia/commons/8/8c/Cristiano_Ronaldo_2018.jpg,Анна Нэсси,CC BY-SA 3.0,https://creativecommons.org/licenses/by-sa/3.0,3049_3264_3055_3084_3376_3321_4964_4015_3654_3464_3565_3433_4707_4329_4625_4840_5151_3878_4123_3877_5333_5007_4819_4392_4010_4356_5277_4505_3839_3662_3458_3648_3662_4258_4515_9096_4953_3862_3813_3604_5028_4974_4002_4085_6842_7003_5555_5088_5514_4749_5860_5831_4408_4186_8437_7039_4793_4502_3708_5356_4867_7182_19356_13849_10151_9936_6661_6209_8433_6281_5311_4641_7998_8519_6039_5179_8077_8324_6198_5191_5287_10703_10224_7144_6232_5110_4266_4147_4444_4858_4444_4205_8938_11292_6538_5652_5833_5824_4660_4915_7360_6773_5775_5477_4989_4373_4032_4100_3861_3823_5441_6633_5269_5677_7726_5298_5053_4384_4709_4817_6193_5413_4248_4633_5552_9180_7779_5688_5827_5044_5301_5119_5885_4866_4278_3688_3531_4018_4583_5806_4870_5035_5267_5135_6083_14270_17956_11767_9187_8440_8100_7117_6136_5838_5206_5242_5180_5985_6392_5403_5158_5425_5178_4701_4674_18713_21931_15262_11574_12219_24024_19242_16623_12279_11670_13552_11685_10262_8233_8261_24525_17324_10625_10899_12064_22343_23608_16359_11539_10071_33891_32002_17625_13734_11076_10453_13082_12571_9368_7074_6774_6589_6036_5539_6184_6183_5766_5341_5243_4932_4682_4953_4564_4450_4626_4617_4276_4271_3925_4147_4135_3951_4389_6110_7213_4945_5892_4716_4273_5941_5451_4458_3866_4371_4180_4034_4628_4297_3599_3643_3465_4458_4337_4392_3911_4369_3922_3427_3745_3387_3067_3156_3383_3380_2893_2743_3342_4009_7439_6448_6444_7102_5533_4395_4478_4553_5194_4762_4407_3385_3446_5252_3561_3264_4028_4656_4189_4249_4991_4956_3890_3960_3532_3346_3959_3745_3340_3184_3826_3383_3127_3265_5051_4658_4281_6021_4662_3645_3519_4995_6969_5644_4886_5183_4149_4287_6149_7065_4968_4831_6399_4640_4420_3946_5031_4899_4985_4438_4383_6169_4904_3737_3421_4663_3391_3063_3466_4685_3916_5109_4860_4877_4309_3827_4893_4190_4360_4491_3782_3300_5136_4509_4408_4355_4360_4462_3504_3510_4404_5193_7007_4954_4289_3233_3329_5744_3787_3707_3899_3368_3453_3375_4603_3619_3214
dewiki,2018,Nekrolog_2018,6233235,Wikimedia list article,قائمة ويكيميديا,Wikimedia-Liste,artículo de lista de Wikimedia,page de liste de Wikimedia,статья-список в проекте Викимедиа,维基媒体列表条目,File,,,,,,15616_19300_20821_18772_17919_14572_17370_24016_21980_21519_22275_18796_13943_14730_24302_23090_25041_23401_20421_16368_17080_27204_22383_21205_20613_17591_13251_15759_23756_19866_20855_22246_20760_16680_15426_22081_21852_19500_19104_17525_14615_16398_21383_21719_24245_21933_18559_15170_14698_24421_22266_20073_18099_18808_14854_16548_26408_23433_21004_19855_18957_13848_16353_20710_20919_19834_18232_17278_13357_15808_30315_25761_26286_20938_19852_14955_17913_24829_21419_20418_19339_18235_14129_14699_23314_20239_20355_17452_14909_13889_14162_15053_22443_20145_18687_18219_12594_13517_24306_21796_19248_19165_17780_13263_14359_22856_18430_18632_19549_19952_13919_17035_29621_22179_20067_20034_16619_12839_13553_18419_15668_21235_19871_20900_13237_13861_21898_20363_17786_14906_15594_12577_14355_24450_21110_20565_19000_16706_12006_12609_15606_25180_20936_19057_22015_12905_14230_22147_23624_20866_16968_16482_14441_14438_21876_19880_18949_19876_19971_13576_14646_26976_22404_21407_21366_18427_13496_14074_20729_19843_18812_19048_16704_12244_14287_21044_20773_19140_18037_15807_12574_13394_20993_18810_18664_17921_17524_12585_13798_22876_18415_19257_17368_16681_12562_13249_21637_18061_17144_17256_16931_12778_13124_20768_18664_17271_17196_17383_12793_13256_24512_22845_19416_18016_17498_12116_12981_20771_18108_19041_19194_16663_12119_12668_20273_17903_19789_17787_16397_12472_13393_21150_17574_18772_16866_17307_13189_14480_22339_19080_19572_17221_15877_12983_13887_20867_19030_17697_18091_16060_12151_15489_26798_21965_20529_19137_16806_12343_13570_20298_17857_16490_16193_16393_11605_12550_19624_17110_15334_15369_13991_11158_12801_21343_18457_13972_20474_16269_13279_14506_22595_19895_17761_18866_18166_12586_12523_19968_18866_19399_19662_16347_12361_13440_20430_17746_18787_17997_15730_12402_14447_19967_19022_17448_17186_17741_13701_14165_23127_18055_19075_18098_17471_13261_12960_21265_19248_19582_18376_18159_14254_15278_20828_17106_16934_17749_15718_12107_13487_22036_21213_17302_17322_15479_15463_17584_30716_27403_21970_20105_19651_12884_14084_21113_17337_16764_17033_16713_12198_13576_19452_19207_18804_17488_15320_12880_13941_12190_13409_13588_17728_15964_14082_15631_14749
ruwiki,2019,Borderlands:_The_Pre-Sequel!,31263831,2014 action role-playing first-person shooter video game developed by 2K Australia,,Computerspiel,,jeu vidéo,компьютерная игра,,File:Borderlands_The_Pre-Sequel_box_art.jpg,https://ru.wikipedia.org/wiki/%D0%A4%D0%B0%D0%B9%D0%BB:Borderlands_The_Pre-Sequel_box_art.jpg,https://upload.wikimedia.org/wikipedia/ru/6/62/Borderlands_The_Pre-Sequel_box_art.jpg,2K Play,Добросовестное использование,,221302_288627_130423_319792_299507_112274_284818_135269_385059_305397_234882_196255_332299_291700_308191_232266_229235_173063_369401_310564_203016_239061_240658_227546_171346_360384_383152_218453_147910_228141_262045_260515_159696_336096_318590_202809_306750_150334_408265_174033_380173_298487_259644_400310_309008_399265_290821_382584_193137_168020_266390_7207_274843_362616_350773_232642_267248_270582_366324_281006_364220_377063_295642_285301_258706_160153_443246_65435_505888_335818_321939_319343_339530_235621_222711_431228_303527_494394_447555_462728_141810_483368_78101_342675_210935_327689_335214_332943_134316_466855_259446_233970_326117_377918_226534_513734_258949_354245_318429_99311_308461_208264_466813_505822_506703_42089_387094_396230_146_161_164_123_127_110_98_110_79_96_60_65_109_206_159_197_163_231_153_107_100_77_112_123_89_86_70_77_105_108_104_63_71_52_69_65_71_75_70_51_224_190_88_59_81_101_340_804_778_586_585_599_458_399_366_294_276_310_320_263_183_183_161_135_150_225_138_120_164_183_161_165_214_191_182_150_144_150_255_237_188_180_134_119_110_116_135_125_98_109_90_106_81_101_88_97_75_68_63_86_81_79_74_80_74_63_75_82_81_84_92_93_111_117_118_91_93_95_91_93_89_102_89_91_72_86_71_97_77_91_74_90_56_51_76_115_94_108_67_70_66_81_75_98_71_78_96_196_258_333_224_201_208_173_167_166_226_149_139_124_124_121_156_159_129_100_105_85_94_97_123_74_71_78_55_75_87_96_60_83_62_45_53_63_56_59_69_70_70_42_54_70_62_52_98_65_76_84_86_82_73_70_57_58_77_82_59_52_59_62_51_63_67_65_56_53_60_49_50_87_47_38_41_49_48_43_49_45_37_37_35_30_37_63_38_38_38_31_38_47_46_41_49_36_44_42_58_49_56_43_34_41_56_59_62_68_51
enwiki,2019,Avengers:_Endgame,43410268,2019 superhero film produced by Marvel Studios,فيلم أمريكي قادم من نوع فيلم بطل خارق,Comicverfilmung (2019),película de acción y ciencia ficción de 2019 dirigida por los Hermanos Russo,"film de super-héros des studios Marvel, sorti en 2019",фантастический фильм США 2019 года режиссёров братьев Руссо,由漫威影業製作的2019年超級英雄電影,File:Avengers_Endgame_poster.jpg,https://en.wikipedia.org/wiki/File:Avengers_Endgame_poster.jpg,https://upload.wikimedia.org/wikipedia/en/0/0d/Avengers_Endgame_poster.jpg,,Fair use,//en.wikipedia.org/wiki/File:Avengers_Endgame_poster.jpg,56603_59001_47384_42512_41650_44540_39937_35887_31459_30739_29253_31554_36083_37547_65860_55581_38216_31106_32333_34222_31622_28698_26041_23937_23246_25482_30085_27782_23643_24816_24772_23800_26670_32634_60110_37066_35299_35976_35267_34392_35332_33725_27836_25057_24034_24622_26452_28826_27863_28486_26357_25122_24225_25518_28170_31301_28443_24955_24497_24669_27821_32244_32304_32591_39104_45269_66818_89759_96019_83621_63220_56816_171345_140226_92177_86273_75596_64325_57935_58992_58087_57409_70887_73839_92790_83521_67566_63158_57579_62609_67502_122832_118981_93427_86135_78406_83467_94648_92793_90034_90326_82476_76736_77889_81524_117855_121022_106019_111277_112314_150248_211708_612656_1359176_1539024_1982874_1670364_1670405_1406819_990216_838692_731069_694643_734836_908582_812190_629440_554055_537848_472871_476073_510203_450003_371490_340326_338510_328680_339688_392810_362457_291615_263209_238461_233850_236128_266740_257965_231643_206166_192386_184837_188600_223053_211746_178545_171136_161035_160060_166175_175532_169574_153816_140548_138879_134645_131968_134042_125588_115460_144003_141705_116214_113169_119039_117113_113561_114577_113060_124967_147176_157748_151040_130786_113727_105327_107529_108159_120132_115593_101774_96442_98382_92816_96776_115277_117938_107710_100977_98557_100706_113304_398488_238179_145256_113147_99422_98021_103029_108615_99325_105412_105631_91054_82621_89514_88445_76185_67827_65922_60741_59782_65336_74534_67266_62457_63477_58964_62315_75135_81364_68864_59788_54716_47715_48989_60410_65909_55637_43876_41771_38832_38492_46113_52281_51991_44013_36642_36358_34695_42613_46145_37462_31834_30018_31029_32342_36263_37188_31812_28364_26804_26006_27958_31199_33836_28036_24844_24386_24005_25407_29964_31195_25204_23083_22750_22925_24554_26553_28391_25349_24373_23064_22724_22767_25290_27635_25529_22921_20991_21239_22184_22942_25397_23226_21960_20693_20593_20903_22950_24115_22630_21007_19574_18443_18917_20642_22863_20984_19906_18520_17739_18489_22237_22300_22181_24314_26822_24585_24123_29953_32151_26968_23243_22261_21596_20962_22788_25610_22347_19609_19634_19727_20437_22276_24448_20561_21817_19566_18731_17804_19786_22305_20767_18094_19105_17370_16595_19193_21442_19630_19647_20847_19640_18647_19783_21615_21473_19198_21703_30315_30361_28883_29999_27468_25705
frwiki,2019,France,8387099,sovereign state with mainland in Europe and several overseas territories,جمهورية في غرب أوروبا و تضم بعض الأقاليم والمناطق فيما وراء البحار,Staat in Westeuropa und einigen Überseegebieten und -regionen,país de Europa,pays transcontinental dont le territoire métropolitain est situé en Europe occidentale,государство в Западной Европе,西歐國家,File:Mapadefrancia.svg,https://commons.wikimedia.org/wiki/File:Mapadefrancia.svg,https://upload.wikimedia.org/wikipedia/commons/6/67/Mapadefrancia.svg,Monsieur Fou,CC BY-SA 4.0,https://creativecommons.org/licenses/by-sa/4.0,23195_23953_23249_23184_23437_20691_16661_16799_19246_16172_16139_15879_17131_16542_17380_16705_16240_15984_16161_17257_16782_16584_16460_16434_16011_16921_17242_16605_16522_17072_22763_30433_30491_31272_30725_32906_33268_30419_30105_29816_31264_30554_30311_30077_29772_29494_29556_30491_30310_30319_30307_30461_30029_29906_30733_30213_30115_30436_30126_30240_30030_30947_30934_30330_30299_29941_32842_31114_31533_27055_24035_23471_23370_24364_18062_15028_16021_16697_16333_17220_17985_15833_17214_18375_17257_16985_15995_15600_15211_16198_16009_16410_17052_16391_15660_15245_16383_23027_23152_23156_22492_23363_22164_23242_23458_23878_23147_22337_22140_21634_23861_24001_23433_23423_23144_22781_22882_23459_23175_22840_26085_23225_22935_22521_23614_22672_22653_23330_22611_22665_23135_24117_23313_22773_22335_22961_22868_22764_23791_23510_23274_28657_28454_22460_20328_24231_23244_23090_22171_22374_21527_21317_23112_24497_22611_22540_22670_23114_21971_23041_23220_23503_23071_22368_22655_22213_22445_22900_22188_21836_21843_24513_21706_23055_22465_21696_22150_21238_22082_21752_22061_21693_21431_21622_21480_21173_21427_22339_21876_22068_21203_21658_21562_21705_23417_21804_21810_21679_21840_22628_22254_22963_21952_22057_22333_22990_21879_25037_23838_23828_22774_22265_22598_22095_22380_23744_22762_22922_22733_22810_22827_22439_23135_23203_22785_22859_23601_22787_23346_23858_23702_23132_23455_23268_24144_23490_23516_23288_23371_22960_22736_22088_21855_22335_21545_21511_22470_22075_17547_21029_22429_22165_22516_22381_22165_21958_22208_22865_22224_22011_22373_22284_22317_22446_23896_22509_22953_23053_23748_22500_23062_23876_23703_23283_22810_22399_22051_22709_23828_25993_22787_23396_23448_23446_23160_24390_24006_23125_23392_23091_22453_22897_24130_23195_23056_23271_22766_22597_22543_23574_23131_23016_22945_22788_23927_24533_24947_23829_23745_23812_23595_23410_23267_24515_25729_25378_26367_24530_23345_25915_25372_24013_23416_23289_23192_23294_23235_24144_23482_23270_23748_28266_22714_25835_26067_25822_26909_25241_25168_25392_26085_27261_25843_26289_27719_24785_25001_26433_24404_23722_22659_22386_21808_21846_21811_22251_21543_22087_22104_21994_22601_22510_23017_22447_22049
eswiki,2019,Lali_Espósito,10562987,"Argentinian actress, singer, dancer and model",ممثلة أرجنتينية,"argentinische Sängerin, Schauspielerin und Model","actriz, cantante y bailarina argentina",actrice et chanteuse argentine,,,File:Lali_2018.png,https://commons.wikimedia.org/wiki/File:Lali_2018.png,https://upload.wikimedia.org/wikipedia/commons/8/81/Lali_2018.png,Fernando Radl,CC BY 3.0,https://creativecommons.org/licenses/by/3.0,9007_6041_25092_3868_8903_6191_933_5266_3327_1978_2722_2817_2201_1049_21493_1554_4294_3061_2649_2585_6381_7104_9270_2810_7431_3496_1668_1105_988_4138_4775_13203_5190_4322_1509_1520_1364_1256_1257_1134_1735_4077_3946_6888_10692_7268_5271_4879_33112_9334_23002_20986_22694_5886_10227_21858_23347_35206_49740_37929_30351_18021_14301_25565_28218_24098_15344_6546_6673_19058_5971_4893_17374_16888_2795_54104_19722_33499_19385_9679_64301_86202_67753_56490_60446_66094_37329_65687_102170_55307_113001_32679_80487_63142_66032_80849_44998_34610_42002_46077_54127_92843_45156_21758_42963_67712_58019_64632_2328_42545_17274_21530_118617_104340_119700_33669_53712_12659_60549_37915_14619_28121_36224_54742_13568_42422_62485_41350_40921_44473_26808_5743_34100_39423_27474_17030_43318_7641_12658_2752_3065_10331_2174_1543_34734_32647_14699_15784_31914_18568_7740_10670_10784_18088_12105_8891_20576_10088_6922_10295_7431_16053_10764_50831_13463_7902_11388_3237_2693_2615_2500_10490_10395_8611_5140_9750_6153_6418_12881_8910_15903_9446_18354_7122_13189_29417_4981_8319_12656_6505_20823_6177_14052_29124_35708_32211_9835_10107_23414_31623_13914_889_35544_56940_68931_28725_31917_23916_12925_40629_85004_139564_165296_149835_129355_150918_141254_90234_107388_143398_154001_109519_82181_83098_73269_77680_49971_39109_20915_14899_26240_55142_31878_15961_18364_7385_10029_69400_42611_30653_12634_65206_973_2183_60103_20640_76358_48141_5729_8864_4912_35195_40295_39280_19286_11241_1044_24120_32649_50051_36437_20998_6820_1364_846_35867_758_49623_28290_46247_20938_26603_50700_1557_29135_20471_10765_19461_4159_12717_12589_16007_33824_36511_14274_29491_19271_14891_55705_28873_27515_3488_6832_26898_17270_19816_27033_10388_13439_28480_27076_44890_20710_3887_30259_30767_38420_7411_10848_28496_39365_32342_33668_18073_35053_45274_68429_39040_15810_878_803_6722_12265_31033_34636_882_823_12263_62030_61548_50746_16201_21508_4014_55547_43049_26755_15353_31086_19472_15434_51941_31001_1452_12004_3448_47422_30086_1846_39598_76468_72969_15346_29328_35944_27437_73932_29265_6068_4300_32675_8756_1029_62426_48361
zhwiki,2019,六四事件,4398118,pro-democracy movement in PR China in 1989,,gewaltsame Niederschlagung eines Volksaufstandes in China 1989,Serie de Manifestaciones efectuadas en la Ciudad de Beijing en la República Popular China,événement politique en Chine,,1989年6月4日中國北京市天安門廣場的反抗议武装镇压,File:Nuvola_apps_important_yellow.svg,https://commons.wikimedia.org/wiki/File:Nuvola_apps_important_yellow.svg,https://upload.wikimedia.org/wikipedia/commons/d/dc/Nuvola_apps_important_yellow.svg,Modified to look more like the PNG file by Bastique. Recolored by flamurai.,LGPL,http://www.gnu.org/licenses/lgpl.html,4680_5084_5356_5406_5508_5392_5302_5320_5059_5029_5089_4680_4457_4656_4502_4505_4933_4882_4417_4137_4588_4613_5014_5868_5154_4699_4523_5505_5013_4998_5135_4411_4119_3936_3080_3763_4273_4440_5341_6407_5563_5111_5482_5189_5076_4877_4741_4488_4883_4861_4705_5271_5104_6629_6182_7250_6401_5986_6109_5607_4992_4708_5105_5678_5258_5526_8055_5124_4770_4980_5357_5235_5420_6618_5277_5056_5243_5123_5635_5771_6104_5129_4876_5292_5491_5798_5727_5917_5095_6341_5591_6031_6156_6959_6053_5979_7097_6837_6874_7192_7635_9305_8473_7631_9282_9424_8249_18127_18210_12184_10729_11299_10053_8961_8740_8717_8559_9615_9091_9544_7929_8361_8661_9681_8507_9047_8043_8170_7959_7784_7756_7431_8401_9081_9295_11409_9395_7925_7998_9848_10232_10201_9952_10399_9106_10755_13553_16209_47539_71921_50395_48011_59335_232533_329898_135936_64438_35807_25569_28080_28531_24382_37778_35804_23219_18689_18562_19979_13714_12462_11279_10783_10280_10269_9164_8419_8334_8155_7273_7358_7127_9183_10108_8759_8877_8446_7539_7591_7452_7957_7629_7846_7163_7045_7072_8500_8687_8520_8022_7626_7000_8390_12425_27431_25175_18431_14855_17807_15635_16741_15033_14663_13726_12581_12062_12446_17795_17881_15145_13490_12305_10795_12043_23700_28948_37628_30860_27482_21721_19130_18819_14355_12397_12420_10750_10216_11008_11565_10512_10053_10358_10387_9829_9755_9684_9715_9528_8320_7262_7145_6908_6963_7168_7203_7091_7194_6582_6232_6010_6058_6656_6645_8456_6517_6279_5972_5848_5616_5908_5988_5590_6424_7603_14997_11319_9838_12194_13773_11986_11254_11679_10848_9924_9020_8775_7887_7852_7479_7576_7456_7381_6815_6313_7002_7631_7236_6620_6266_5084_4926_5637_5026_5182_5173_4919_4473_4509_4933_5316_5321_5924_5959_5331_4618_7851_14496_20132_16184_12799_10837_14985_21965_17323_12169_10920_9811_8507_7489_8135_7505_6771_7450_6656_6055_5290_5766_5756_5327_5541_5407_5375_5050_4989_5029_4703_4619_5020_4417_4397_4401_4645_4834_4762_4321_4037_3653_4204_3898_4354_4368_4359_4255_3893_3976_4213
arwiki,2019,قصب_السكر,2165554,genus of plants,جنس من النباتات,Gattung der Familie Süßgräser (Poaceae),género de plantas,genre de plantes,,,File:Cut_sugarcane.jpg,https://commons.wikimedia.org/wiki/File:Cut_sugarcane.jpg,https://upload.wikimedia.org/wikipedia/commons/2/29/Cut_sugarcane.jpg,Rufino Uribe,CC BY-SA 2.0,https://creativecommons.org/licenses/by-sa/2.0,9_12_20_18_19_16_22_21_20_11_15_19_16_20_18_22_8_21_17_21_26_27_19_20_22_24_19_32_19_34_15_22_24_22_25_14_17_14_24_19_10_40_15_26_22_14_24_21_22_24_22_14_16_21_17_19_18_22_16_10_27_29_22_23_12_16_15_33_25_19_16_21_4_16_21_18_18_14_17_18_13_25_19_14_20_25_20_14_15_18_28_19_11_17_16_13_16_9_12_22_14_13_23_14_12_16_17_19_14_13_27_19_15_26_23_18_14_19_16_16_8_9_13_9_14_28_11_15_7_15_9_15_24_18_8_11_16_6_18_16_22_19_17_18_11_9_15_18_13_15_5_18_16_10_18_11_21_15_6_15_18_12_15_12_19_15_12_15_11_11_9_19_13_19_14_17_13_13_17_15_15_16_9_12_16_10_16_10_22_16_20_13_10_18_15_12_15_17_16_17_12_17_18_20_15_17_21_18_13_21_16_27_14_13_12_13_13_15_15_15_8_21_11_21_15_18_23_14_16_16_21_13_13_15_12_10_9_17_17_18_10_14_14_9_24_10_8_8_9_11_6_11_8_7_17_12_9_12_13_20_16_17_11_12_13_14_17_14_14_10_22_22_18_16_21_10_13_17_15_14_18_12_14_27_24_15_12_23_15_9_11_14_13_12_17_19_13_12_11_16_14_18_20_13_20_14_29_24_13_14_10_9_21_26_14_10_45_47_69_58_38_43_36_47_45_45_42_35_46_41_47_27_42_40_49_46_50_70_62_61_59_80_62_63_48_45_74_78_72_60_71_76_55_83_69_63_64_72_51_74_54_48_44_57_54
dewiki,2019,Formelsammlung_Trigonometrie,9456542,Wikimedia list article,قائمة ويكيميديا,Wikimedia-Liste,artículo de lista de Wikimedia,page de liste de Wikipédia,статья-список в проекте Викимедиа,维基媒体列表条目,"File:01-Dreieck,_allgemein_-2.svg","https://commons.wikimedia.org/wiki/File:01-Dreieck,_allgemein_-2.svg",https://upload.wikimedia.org/wikipedia/commons/2/26/01-Dreieck%2C_allgemein_-2.svg,Petrus3743,CC BY-SA 4.0,https://creativecommons.org/licenses/by-sa/4.0,470_1008_1171_1220_1060_1227_1798_2085_2025_1882_1589_1318_1603_2030_2051_1998_1968_67754_1232_1576_1979_6174_1914_1861_1426_1206_1454_1752_1871_1756_1718_1412_324187_487311_1749_1799_1671_1620_1264_1073_1275_1634_1585_1535_1512_1239_1032_1249_1563_1529_1478_1447_1101_811_978_1340_1313_1115_1149_897_757_793_1054_1151_1106_1049_909_717_762_394637_1217_1182_1145_23350_708_866_1169_1191_1120_872_867_644_878_1166_1112_1213_1032_26976_538_739_1062_1191_1172_1089_835_592_765_1222_1217_1213_1122_847_521_685_1011_1044_969_16206_543_448_463_661_1193_1185_1137_939_873_1172_1427_1202_1105_1460_996_810_1080_1476_1367_1287_1268_907_719_859_1345_1403_1364_1298_972_713_879_1395_1411_1419_1206_922_613_788_1309_18027_1099_752_836_661_831_74047_1347_1318_1328_878_578_622_872_263544_1361_1264_1016_722_941_1374_1266_1079_506107_266164_827_948_1313_1298_1252_1220_952_696_823_1192_307181_473999_1222_1004_801_862_583435_842621_817176_487411_1039_796_843_1057_1098_1079_1101_838_633_757_79456_919_921_905_723_543_638_812_762_759_718_608_479_514_819_786_794_733_585_462_452_759_821_753_731_618_397_497_719_777_655_633_574_355_473_485760_714893_717013_734315_381693_386_443_593_751_715_646_581_379_547_834_687_823_803_614_372_503_768_770_873_737_614_419_600_842_893_915_844_684_451_621_840_833_780_638_757_596_731_939_934_1040_875_775_471_624_1075_1241_1356_1361_1088_741_1001_1509_1519_1605_1704_1277_919_1396_1826_1698_1552_1187_991_1032_1321_1868_2077_1816_1782_1177_975_1256_1820_1912_1628_1595_1097_913_1210_1615_1760_1686_1632_1188_876_1127_1563_1568_1667_1485_1142_808_1184_1595_1645_1524_1528_987_814_1019_1484_1447_1295_1399_972_657_924_1378_1331_1174_975_533_351_371_441_277_339_370_462_445_473_480_356
ruwiki,2020,Пандемия_COVID-19,13358032,"ongoing pandemic of COVID-19, caused by the virus SARS-CoV-2",جائحة فيروسية عالمية بدأت من سوق للأطعمة البحرية في ووهان، الصين,"Virusausbreitung ausgehend von Wuhan, China",pandemia causada por el virus SARS-CoV-2,épisode viral ayant débuté à Wuhan en Chine en 2019,Продолжающаяся пандемия коронавирусной инфекции 2019 года (COVID-19),始發現于中国武汉的病毒爆发事件,File:COVID-19_Nurse_(cropped).jpg,https://commons.wikimedia.org/wiki/File:COVID-19_Nurse_(cropped).jpg,https://upload.wikimedia.org/wikipedia/commons/d/d3/COVID-19_Nurse_%28cropped%29.jpg,US Navy Mass Communication Specialist 2nd Class Sara Eshleman,Public domain,,0_0_0_0_0_0_0_0_0_0_0_0_0_0_0_0_0_0_0_0_0_0_0_0_0_0_0_0_0_0_0_0_0_0_0_0_0_0_0_0_0_0_0_0_0_0_0_0_0_0_13_1_0_5_2_3_4_3_2_6_0_1_1_1_0_3_2_1_1_1_5779_166678_174570_152751_209733_300335_315957_297093_293386_263269_249307_258477_251326_236446_253392_274135_285600_262450_276890_276531_251672_214009_218428_170793_144109_133485_126406_111423_104274_95316_92867_87976_90597_90188_85638_84515_75611_72923_65165_62737_62157_57592_55174_50860_49319_45647_48488_52032_48516_43847_42113_38829_41376_41687_42318_37056_36809_35662_31577_28852_31000_37441_39032_32494_28309_26977_23421_24547_25769_24730_23471_22649_21125_18632_19224_20277_19453_18399_18183_17427_15226_15343_16357_16033_15777_15237_14122_11725_12493_14335_13277_12373_12251_11419_11021_11396_12851_12259_12444_12332_11900_10223_9847_11127_10232_9605_10420_10368_9223_9746_10595_10127_9541_10584_9747_9096_10372_10878_10525_10113_10372_9348_8206_9153_10689_9335_8510_7886_7656_6795_7157_7371_6878_6906_6877_6475_5887_6288_7240_6831_6870_6410_5957_5809_5945_6398_6013_6000_5818_5784_4926_5255_5281_5511_5218_5202_4859_4273_4837_4894_4928_4802_4836_4785_4374_4618_4797_4889_4929_4732_4820_4437_4577_5687_5684_5377_5164_5057_4469_4696_5334_5007_4827_5507_5041_4171_4603_5454_5053_4994_5023_4831_4019_4392_4978_4710_4821_5075_5153_4366_4689_5375_5489_4826_4946_4975_4530_5161_5602_5529_5380_5617_5962_5020_5499_6117_7237_6214_0_0_0_0_0_0_0_0_0_0_0_0_0_0_0_0_0_0_0_0_0_0_0_0_0_0_0_0_0_0_0_0_0_0_0_0_0_0_0_0_0_0_0_0_0_0_0_0_0_0_0_0_0_0_0_0_0_0_0_0_0_0_0_0_0_0_0_0_0_0_0_0_0_0_0_0_0_0
enwiki,2020,United_States_Senate,334424572,upper house of the United States Congress,مؤسسة تشريعية أمريكية وأحد مجلسي الكونغرس,Oberhaus des Kongresses der Vereinigten Staaten von Amerika,cámara alta en la legislatura bicameral de los Estados Unidos,chambre haute du Congrès des États-Unis,верхняя палата Конгресса США,美国国会两院之一,File:Seal_of_the_United_States_Senate.svg,https://commons.wikimedia.org/wiki/File:Seal_of_the_United_States_Senate.svg,https://upload.wikimedia.org/wikipedia/commons/f/f0/Seal_of_the_United_States_Senate.svg,!Original: MaksimVector: Ipankonin,CC BY-SA 2.5,https://creativecommons.org/licenses/by-sa/2.5,4088_4644_5917_5148_5104_6343_7008_6286_6920_6517_4410_4661_5423_6430_10095_16797_12373_6365_6281_6548_17208_18307_11446_9823_7825_5786_7694_8845_9839_10118_26387_69165_18225_9564_9551_44705_28723_13906_17110916_8337090_6703159_6683288_6742428_6515936_6442315_6474555_6422703_6100860_6001715_5952253_6003776_5938147_6022087_5712914_5149692_5069819_5309829_5776264_5716089_5785633_5616097_5216999_5167434_5005380_4881938_4913469_4914911_4804517_4492850_4158321_4393564_3977532_3974463_3999198_3864996_3730482_3823932_3861028_2874428_3479665_3035677_3400736_5667114_4314666_4038252_4277772_4303162_4146551_4155446_4179430_4071398_3966422_3982168_3994457_3993682_4145347_3973387_4093760_4074926_4061623_3893920_4067520_2395005_3914202_3525759_171105_8637_6906_6378_6415_7376_7479_6497_6501_6292_6854_4967_6601_7421_5329_4944_4898_4180_4612_5086_5086_5289_4804_4770_4602_4519_5064_6686_6495_7050_6222_7877_5483_5133_5461_5206_5025_4597_4292_4068_4120_4429_4344_4812_4827_4498_4707_6171_7043_7756_7181_7075_5997_6359_7066_6447_7129_6061_5259_4891_5228_5398_5127_5810_5621_5418_5541_5403_5551_5701_6907_6391_7012_6032_5415_5481_6155_6452_5515_4738_4881_5028_5269_5248_5421_4986_4675_4732_4787_4785_5362_6931_4783_5651_5629_5124_5187_5396_5737_5577_5523_4878_5264_6205_6172_6190_8085_6887_6041_5705_5567_5505_6332_5600_5283_4715_4884_5061_13555_18265_11588_8750_6853_6919_8033_7501_8118_8801_8168_6471_6602_6149_7133_5736_5963_6507_5360_5249_5529_5482_7034_5550_4879_4264_4477_4586_5105_5214_6072_5368_4284_4824_5142_5191_5593_5902_14664_99546_35560_24868_22151_14238_11072_10735_12049_13808_11484_9793_14052_10990_12149_13913_10311_10172_9718_11465_15504_10967_9378_9738_16256_20044_19138_0_0_0_0_0_0_0_0_0_0_0_0_0_0_0_0_0_0_0_0_0_0_0_0_0_0_0_0_0_0_0_0_0_0_0_0_0_0_0_0_0_0_0_0_0_0_0_0_0_0_0_0_0_0_0_0_0_0_0_0_0_0_0_0_0_0_0_0_0_0_0_0_0_0_0_0_0_0
frwiki,2020,Pandémie_de_Covid-19,7217310,"ongoing pandemic of COVID-19, caused by the virus SARS-CoV-2",جائحة فيروسية عالمية بدأت من سوق للأطعمة البحرية في ووهان، الصين,"Virusausbreitung ausgehend von Wuhan, China",pandemia causada por el virus SARS-CoV-2,épisode viral ayant débuté à Wuhan en Chine en 2019,Продолжающаяся пандемия коронавирусной инфекции 2019 года (COVID-19),始發現于中国武汉的病毒爆发事件,File:COVID-19_Outbreak_World_Map.svg,https://commons.wikimedia.org/wiki/File:COVID-19_Outbreak_World_Map.svg,https://upload.wikimedia.org/wikipedia/commons/2/26/COVID-19_Outbreak_World_Map.svg,"Pharexia (original author); Ratherous, AKS471883 (contributors); authors of File:BlankMap-World.svg (source file)",CC BY-SA 4.0,https://creativecommons.org/licenses/by-sa/4.0,0_0_0_0_0_0_0_0_0_0_0_0_0_0_0_0_0_0_0_0_0_0_0_0_0_0_0_0_0_0_0_0_0_0_0_0_0_0_0_0_0_0_0_0_0_0_0_0_0_0_0_0_0_0_0_0_0_0_0_0_0_0_0_0_0_0_0_0_0_0_0_0_0_0_0_0_0_0_3312_65319_2365_1073_544_456_332_265_243_206_162_223_306_17317_48195_46169_43381_35715_35490_33893_32146_29477_28161_26133_25741_26724_27732_29562_29749_29860_26179_26397_26098_24427_23614_23334_22738_20733_20719_22152_23221_21337_18721_17808_17361_18470_19051_19245_17746_16482_15994_16260_17309_16335_15476_15886_15005_13997_12578_12846_14047_13336_12559_11400_11293_10831_11232_12004_11566_11512_12814_10203_7977_8469_9690_9493_9169_9492_8485_7262_7762_9316_9084_8718_8483_7918_6977_7337_8055_7639_7644_6983_7078_6049_6374_7400_6566_6405_6429_5614_5444_5270_5870_6036_6099_6269_5315_5150_5528_6010_5675_5605_5536_5073_4167_4973_5508_5539_5348_5467_5451_4422_4760_5569_4882_5041_4906_5091_4247_4565_5387_4887_4832_4700_4284_3903_4312_4498_4327_4329_3925_3916_3622_3833_4180_4510_4078_4024_4052_3531_4037_4709_4216_4327_4383_4311_3685_3709_4270_4189_4061_4213_4250_3624_3735_4762_3725_3700_3838_3815_3404_3850_4463_4115_4319_4247_4124_3626_3842_4339_4236_3946_4194_4072_3706_3664_4027_3913_4430_4471_4164_3491_4033_4545_3843_3799_3773_3597_3048_3736_3820_3837_3634_3865_3584_3338_3981_4490_4471_4829_0_0_0_0_0_0_0_0_0_0_0_0_0_0_0_0_0_0_0_0_0_0_0_0_0_0_0_0_0_0_0_0_0_0_0_0_0_0_0_0_0_0_0_0_0_0_0_0_0_0_0_0_0_0_0_0_0_0_0_0_0_0_0_0_0_0_0_0_0_0_0_0_0_0_0_0_0_0
eswiki,2020,Pandemia_de_COVID-19,10496712,"ongoing pandemic of COVID-19, caused by the virus SARS-CoV-2",جائحة فيروسية عالمية بدأت من سوق للأطعمة البحرية في ووهان، الصين,"Virusausbreitung ausgehend von Wuhan, China",pandemia causada por el virus SARS-CoV-2,épisode viral ayant débuté à Wuhan en Chine en 2019,Продолжающаяся пандемия коронавирусной инфекции 2019 года (COVID-19),始發現于中国武汉的病毒爆发事件,File:COVID-19_Outbreak_World_Map.svg,https://commons.wikimedia.org/wiki/File:COVID-19_Outbreak_World_Map.svg,https://upload.wikimedia.org/wikipedia/commons/2/26/COVID-19_Outbreak_World_Map.svg,"Pharexia (original author); Ratherous, AKS471883 (contributors); authors of File:BlankMap-World.svg (source file)",CC BY-SA 4.0,https://creativecommons.org/licenses/by-sa/4.0,0_0_0_0_0_0_0_0_0_0_0_0_0_0_0_0_0_0_0_0_0_0_0_0_0_0_0_0_0_0_0_0_0_0_0_0_0_0_0_0_0_0_0_0_0_0_0_0_0_0_0_0_0_0_0_0_0_0_0_0_0_0_0_0_0_0_0_0_0_0_4_6_7_4_2_4_3_13_17_17_7_6_13_9_16_9_5_8_4_10_9_10_10_14_11_17_10_6_7_2_13_9_7_16_15_19_11_23_11_25_50_57_28_31_43_42_56_38_36_32_29_33_46_67_59_49_35_33_32_59_48_66_34_38_21_35_29_27_38_27_30_26_31_27_24_15_30_14_18_30_18_28_17_26_33_40_19_26_12_17_18_23_22_35_23_18_19_16_21_19_12_18_21_23_17_23_16_15_20_18_14_21_15_19_25_18_21_21_16_12_15_44_31_35_21_20_13_11_28_14_19_29_17_13_12_11_7_14_19_19_16_9_20_14_18_16_21_26_24_41_89_39_23_25_50_52_51_51_36_21_37_10_15_19_20_16_17_20_14_16_10_8_20_31_29_32_28_26_21_33_30_29_24_19_43_30_27_41_32_19_29_32_27_25_34_28_33_30_35_20_33_36_30_1655_5451_5734_4885_5056_6416_6425_6355_7673_8034_8144_9381_11151_11642_11834_0_0_0_0_0_0_0_0_0_0_0_0_0_0_0_0_0_0_0_0_0_0_0_0_0_0_0_0_0_0_0_0_0_0_0_0_0_0_0_0_0_0_0_0_0_0_0_0_0_0_0_0_0_0_0_0_0_0_0_0_0_0_0_0_0_0_0_0_0_0_0_0_0_0_0_0_0_0
zhwiki,2020,2019冠状病毒病疫情,17607401,"ongoing pandemic of COVID-19, caused by the virus SARS-CoV-2",جائحة فيروسية عالمية بدأت من سوق للأطعمة البحرية في ووهان، الصين,"Virusausbreitung ausgehend von Wuhan, China",pandemia causada por el virus SARS-CoV-2,épisode viral ayant débuté à Wuhan en Chine en 2019,Продолжающаяся пандемия коронавирусной инфекции 2019 года (COVID-19),始發現于中国武汉的病毒爆发事件,File:COVID-19_Outbreak_World_Map_per_Capita.svg,https://commons.wikimedia.org/wiki/File:COVID-19_Outbreak_World_Map_per_Capita.svg,https://upload.wikimedia.org/wikipedia/commons/3/3b/COVID-19_Outbreak_World_Map_per_Capita.svg,"Raphaël Dunant, Gajmar (maintainer)",CC BY 4.0,https://creativecommons.org/licenses/by/4.0,0_0_0_0_0_0_0_0_0_0_0_0_0_0_0_0_0_0_0_0_0_0_0_0_0_0_0_0_0_0_0_0_0_0_0_0_0_0_0_0_0_0_0_0_0_0_1_13_24_27_33_16_29_40_78_43_57_30_33_80_49_43_27_31_25_19_24_54_28_22_41_82574_132472_99305_72676_86390_118298_152055_140287_140350_128875_130041_128513_119577_120487_125696_137947_122292_112460_120123_108915_104583_109311_108569_107031_103067_103726_93154_88885_80037_73315_73554_67993_68584_65952_61917_60853_62473_56916_56908_56549_54666_49660_46804_43794_41703_42426_43090_39649_36706_34506_30974_29905_31374_33597_32140_31037_29493_27113_27478_27034_28677_28011_26430_25658_23904_22798_23299_24243_23246_21863_23086_20989_19634_19937_21195_20406_18321_17605_16836_16373_17520_17852_16798_16723_16860_16499_15131_16852_18167_17535_16457_15985_15005_15240_16614_17985_17080_16484_16099_14917_15878_14998_16841_16313_14968_12063_11772_13532_14613_13497_11107_10689_11086_11186_11094_12565_13920_14539_14118_13464_13982_11905_12162_13633_13025_12788_13277_15662_14886_14105_14272_13810_14330_13820_12895_11862_12497_14667_14554_13839_14149_12620_13204_13169_13368_12902_12744_12669_11628_11625_13115_13539_11108_12355_11770_10998_9997_11039_11737_10783_10272_11175_10429_9934_11034_10554_8832_8071_7477_7167_6498_6270_6762_6568_6460_6178_5425_4595_5265_5377_5548_5784_5546_5541_5311_5861_6534_6032_6269_5718_5717_5102_5476_5571_5403_5651_5427_4929_4708_5019_5195_5352_4388_3764_6033_4948_5360_5495_5150_4944_4916_4943_4890_5332_5798_5610_4847_0_0_0_0_0_0_0_0_0_0_0_0_0_0_0_0_0_0_0_0_0_0_0_0_0_0_0_0_0_0_0_0_0_0_0_0_0_0_0_0_0_0_0_0_0_0_0_0_0_0_0_0_0_0_0_0_0_0_0_0_0_0_0_0_0_0_0_0_0_0_0_0_0_0_0_0_0_0
arwiki,2020,فيروس_كورونا,1428841,group of related viruses that cause diseases in mammals and birds,هي مجموعةٌ من الفيروسات تُسبب أمراضًا للثدييات والطيور.,,,,,,File:Coronaviruses_004_lores.jpg,https://commons.wikimedia.org/wiki/File:Coronaviruses_004_lores.jpg,https://upload.wikimedia.org/wikipedia/commons/7/78/Coronaviruses_004_lores.jpg,"
Photo Credit:
Content Providers(s): CDC/Dr. Fred Murphy
",Public domain,,15_13_18_22_23_29_30_21_29_24_84_40_26_38_34_146_108_124_122_481_1159_2675_8197_26235_55103_46995_38190_30763_34967_35502_45463_24900_20157_20940_16801_9663_5741_5054_4822_4456_4740_3670_4074_3054_2965_4217_4061_3696_2994_2806_2889_3543_4317_5302_9835_10763_11097_10671_12791_10344_8331_13095_14014_11971_12322_11035_9753_12643_14070_11177_17929_13531_22352_25612_26202_22935_26962_27428_27079_17799_25615_18892_20566_18485_18987_13082_15519_14279_12770_11179_10797_9594_9635_8847_8356_7973_7420_7902_7407_6690_6384_5825_5418_5096_4767_4722_4290_4291_3828_3860_3941_3511_3406_2863_2607_2373_2299_2127_1917_1945_2096_1986_1999_1915_1917_2076_2139_2017_2005_2290_2637_2340_3021_3088_3307_3264_3027_3018_2658_2364_2415_2301_1946_1753_2095_2683_2915_2922_3015_2748_2722_2811_2759_3082_3037_3123_2854_2905_3272_3353_2966_2805_2570_2487_2666_2678_2354_2273_2328_2040_1926_1926_1675_1518_1456_1540_1438_1431_1351_1395_1274_1238_1290_1251_1098_1179_1142_1256_1053_1188_1142_1055_1020_970_1198_1144_1106_1002_928_895_863_802_935_845_858_675_742_662_595_596_606_405_455_569_608_703_788_697_631_574_703_702_911_921_941_940_830_796_806_729_720_668_575_657_711_696_627_644_704_611_674_673_649_687_756_837_692_771_675_841_840_866_868_817_766_713_879_832_831_858_768_744_817_813_836_802_817_819_735_844_1108_1016_951_949_785_827_1000_1016_1000_1077_1011_872_788_964_1029_1021_979_1059_0_0_0_0_0_0_0_0_0_0_0_0_0_0_0_0_0_0_0_0_0_0_0_0_0_0_0_0_0_0_0_0_0_0_0_0_0_0_0_0_0_0_0_0_0_0_0_0_0_0_0_0_0_0_0_0_0_0_0_0_0_0_0_0_0_0_0_0_0_0_0_0_0_0_0_0_0_0
dewiki,2020,Pornhub,11502064,pornographic video sharing website,موقع إباحي,pornografische Video-Website,sitio web dedicado a la pornografía,site pornographique,порнографический вебсайт,色情影片網站,File:Pornhub-logo.svg,https://commons.wikimedia.org/wiki/File:Pornhub-logo.svg,https://upload.wikimedia.org/wikipedia/commons/f/f1/Pornhub-logo.svg,Pornhub,Public domain,,39395_38369_38476_37168_40691_39094_40495_36698_33628_33221_39220_45305_37430_36438_36312_35878_32846_36465_41146_34917_35602_35321_35045_32411_37248_42819_35865_37826_38084_34316_31834_34064_42865_36127_36183_37429_39551_37075_36959_36904_42331_43611_43520_39377_40169_38969_45757_40118_39523_37534_39828_38502_40035_44865_40650_40629_39661_37908_37747_42902_47379_41314_40188_36804_35519_35617_37921_45288_43236_40910_38884_39075_40456_42474_45166_42847_42927_47657_46358_41518_43624_47463_45762_51490_63915_67871_60477_52754_64738_56700_53397_51913_51285_48440_47980_53864_52501_51498_49249_46722_45628_49395_51303_55662_53664_51055_50676_48991_48427_52937_51871_51216_50600_50728_48211_44752_48714_49355_50028_48825_47129_48088_48645_55432_54885_46842_44601_43341_41213_41957_48424_46877_45038_44920_43939_40844_40321_45981_44809_44809_42196_40968_43557_42614_49523_47057_46163_45102_44601_42256_41661_44314_47172_46742_46440_47214_43624_42764_47897_46950_45824_43871_44423_41714_42963_50063_47679_46006_45424_45336_42641_41228_48039_47106_46194_44649_44746_42400_42188_48495_46058_46396_45223_45050_41584_40876_47737_45377_43688_43422_43280_42096_40524_45934_44338_61462_44443_45432_42503_44326_47227_44754_43527_43592_43978_42481_44500_47997_45108_44965_46632_43651_42562_46939_48279_46035_47083_44163_44274_42853_42139_48314_47311_47047_46270_45099_43228_44363_50189_45762_45619_44322_43991_47873_46123_48562_45256_43576_45009_43847_47088_47954_64052_47038_46317_48503_44273_43492_43638_49023_43922_43715_45193_46283_42465_43952_50601_45535_45409_43156_45378_44662_44534_53139_45932_47433_45275_47868_48339_50949_55883_44506_44962_43241_43895_43777_48356_50149_44448_43877_44744_47607_45024_46447_53026_49525_47469_47652_0_0_0_0_0_0_0_0_0_0_0_0_0_0_0_0_0_0_0_0_0_0_0_0_0_0_0_0_0_0_0_0_0_0_0_0_0_0_0_0_0_0_0_0_0_0_0_0_0_0_0_0_0_0_0_0_0_0_0_0_0_0_0_0_0_0_0_0_0_0_0_0_0_0_0_0_0_0